title,link,company,salary,location,exp
Game Client Developer,https://www.topcv.vn/viec-lam/game-client-developer/1885078.html?ta_source=JobSearchList_LinkDetail&u_sr_id=D4syTnFr3lGPd7K0ulCymW7Kmie42uAVjT04o0vl_1759549983,CÔNG TY TNHH ULT VIỆT NAM,15 - 25 triệu,Hà Nội,1 năm
"Junior Fullstack Developers - Fintech, Ecommerce",https://www.topcv.vn/viec-lam/junior-fullstack-developers-fintech-ecommerce/1487371.html?ta_source=JobSearchList_LinkDetail&u_sr_id=D4syTnFr3lGPd7K0ulCymW7Kmie42uAVjT04o0vl_1759549983,CÔNG TY TNHH TÍCH HỢP CRM,Thoả thuận,Hà Nội,Dưới 1 năm
"Full Stack Developer (Java, Springboot, React)",https://www.topcv.vn/viec-lam/full-stack-developer-java-springboot-react/1783213.html?ta_source=JobSearchList_LinkDetail&u_sr_id=D4syTnFr3lGPd7K0ulCymW7Kmie42uAVjT04o0vl_1759549983,Công Ty TNHH LG CNS VIỆT NAM,Thoả thuận,Hà Nội,1 năm
Business Analyst (Yêu Cầu Tốt Nghiệp MBA),https://www.topcv.vn/brand/congtycophanmisa/tuyen-dung/business-analyst-yeu-cau-tot-nghiep-mba-j1895258.html?ta_source=JobSearchList_LinkDetail&u_sr_id=D4syTnFr3lGPd7K0ulCymW7Kmie42uAVjT04o0vl_1759549983,ProCông ty Cổ phần MISA,Thoả thuận,Hà Nội,2 năm
Senior IT Project Manager (Japanese Projects) - Thu Nhập Upto 3000 USD - Đi Làm Ngay (Hà Nội),https://www.topcv.vn/viec-lam/senior-it-project-manager-japanese-projects-thu-nhap-upto-3000-usd-di-lam-ngay-ha-noi/1894284.html?ta_source=JobSearchList_LinkDetail&u_sr_id=D4syTnFr3lGPd7K0ulCymW7Kmie42uAVjT04o0vl_1759549983,Công ty Cổ phần NTTe-MOI,"Tới 3,000 USD",Hà Nội,5 năm
Java Backend Leader,https://www.topcv.vn/viec-lam/java-backend-leader/1718449.html?ta_source=JobSearchList_LinkDetail&u_sr_id=D4syTnFr3lGPd7K0ulCymW7Kmie42uAVjT04o0vl_1759549983,Công ty cổ phần PayPay,Tới 50 triệu,Hà Nội,4 năm
Trưởng/Phó Phòng R&D,https://www.topcv.vn/viec-lam/truong-pho-phong-rd/1896253.html?ta_source=JobSearchList_LinkDetail&u_sr_id=D4syTnFr3lGPd7K0ulCymW7Kmie42uAVjT04o0vl_1759549983,CÔNG TY CỔ PHẦN TẬP ĐOÀN CÔNG NGHỆ IDEA,Thoả thuận,Hồ Chí Minh,Trên 5 năm
Nhân Viên Kỹ Thuật,https://www.topcv.vn/viec-lam/nhan-vien-ky-thuat/1899212.html?ta_source=JobSearchList_LinkDetail&u_sr_id=D4syTnFr3lGPd7K0ulCymW7Kmie42uAVjT04o0vl_1759549983,CÔNG TY TNHH GIẢI PHÁP THIÊN PHÚC HƯNG,Thoả thuận,Hà Nội,1 năm
3D Rigging Artist (Lương 25tr - 45tr) Tại Hồ Chí Minh - Yêu Cầu Bắt Buộc Nộp Portfolio,https://www.topcv.vn/viec-lam/3d-rigging-artist-luong-25tr-45tr-tai-ho-chi-minh-yeu-cau-bat-buoc-nop-portfolio/1736983.html?ta_source=JobSearchList_LinkDetail&u_sr_id=D4syTnFr3lGPd7K0ulCymW7Kmie42uAVjT04o0vl_1759549983,CÔNG TY TNHH VLAST VIỆT NAM,25 - 45 triệu,Hồ Chí Minh,Không yêu cầu
Senior UI UX Designer (Blockchain),https://www.topcv.vn/viec-lam/senior-ui-ux-designer-blockchain/1852014.html?ta_source=JobSearchList_LinkDetail&u_sr_id=D4syTnFr3lGPd7K0ulCymW7Kmie42uAVjT04o0vl_1759549983,CÔNG TY CỔ PHẦN 1MATRIX,Thoả thuận,Hà Nội,5 năm
Software Developer (C++/Golang),https://www.topcv.vn/viec-lam/software-developer-c-golang/1637012.html?ta_source=JobSearchList_LinkDetail&u_sr_id=D4syTnFr3lGPd7K0ulCymW7Kmie42uAVjT04o0vl_1759549983,AS SOLUTIONS,10 - 40 triệu,Hồ Chí Minh,Không yêu cầu
AI Engineer,https://www.topcv.vn/viec-lam/ai-engineer/1898979.html?ta_source=JobSearchList_LinkDetail&u_sr_id=D4syTnFr3lGPd7K0ulCymW7Kmie42uAVjT04o0vl_1759549983,CÔNG TY CỔ PHẦN CÔNG NGHỆ MOBIWORK VIỆT NAM,13 - 18 triệu,Hà Nội,1 năm
Nhân Viên Business Analyst,https://www.topcv.vn/viec-lam/nhan-vien-business-analyst/1646337.html?ta_source=JobSearchList_LinkDetail&u_sr_id=D4syTnFr3lGPd7K0ulCymW7Kmie42uAVjT04o0vl_1759549983,Công ty TNHH Phát triển công nghệ điện tử Bình Anh,15 - 20 triệu,Hà Nội,2 năm
Angular Developer,https://www.topcv.vn/viec-lam/angular-developer/1900040.html?ta_source=JobSearchList_LinkDetail&u_sr_id=D4syTnFr3lGPd7K0ulCymW7Kmie42uAVjT04o0vl_1759549983,Công ty cổ phần phần mềm ITSOL Holdings,15 - 22 triệu,Hà Nội,2 năm
Kỹ Sư Phần Mềm Nhúng - Senior,https://www.topcv.vn/viec-lam/ky-su-phan-mem-nhung-senior/1884101.html?ta_source=JobSearchList_LinkDetail&u_sr_id=D4syTnFr3lGPd7K0ulCymW7Kmie42uAVjT04o0vl_1759549983,VNPT Technology - Công ty Cổ phần Công nghệ Công nghiệp Bưu chính viễn thông,Thoả thuận,Hà Nội,2 năm
Chuyên Viên Kỹ Thuật Tư Vấn Giải Pháp (Presales)/ Presales Engineer,https://www.topcv.vn/viec-lam/chuyen-vien-ky-thuat-tu-van-giai-phap-presales-presales-engineer/1897397.html?ta_source=JobSearchList_LinkDetail&u_sr_id=D4syTnFr3lGPd7K0ulCymW7Kmie42uAVjT04o0vl_1759549983,CÔNG TY TNHH GIẢI PHÁP BẢO MẬT SỐ,Thoả thuận,Hà Nội,2 năm
Senior Devops (Thu Nhập 18 - 30 Triệu),https://www.topcv.vn/viec-lam/senior-devops-thu-nhap-18-30-trieu/1892974.html?ta_source=JobSearchList_LinkDetail&u_sr_id=D4syTnFr3lGPd7K0ulCymW7Kmie42uAVjT04o0vl_1759549983,CÔNG TY CỔ PHẦN CÔNG NGHỆ VINORSOFT,18 - 30 triệu,"Hồ Chí Minh, Hà Nội",3 năm
Senior Full-Stack Developer,https://www.topcv.vn/viec-lam/senior-full-stack-developer/1897298.html?ta_source=JobSearchList_LinkDetail&u_sr_id=D4syTnFr3lGPd7K0ulCymW7Kmie42uAVjT04o0vl_1759549983,CÔNG TY CỔ PHẦN CÔNG NGHỆ PHẦN MỀM NIK,Thoả thuận,Hồ Chí Minh,5 năm
.Net Developer (Từ 2 - 7 Năm Kinh Nghiệm),https://www.topcv.vn/viec-lam/net-developer-tu-2-7-nam-kinh-nghiem/1894111.html?ta_source=JobSearchList_LinkDetail&u_sr_id=D4syTnFr3lGPd7K0ulCymW7Kmie42uAVjT04o0vl_1759549983,ProCông ty Cổ phần Hệ thống Công nghệ ETC,15 - 40 triệu,Hà Nội,2 năm
"Nhân Viên Kinh Doanh Phần Mềm AI/ Sales B2B, Thu Nhập 15 - 30 Triệu, Nghỉ T7 Và CN - Hà Nội",https://www.topcv.vn/viec-lam/nhan-vien-kinh-doanh-phan-mem-ai-sales-b2b-thu-nhap-15-30-trieu-nghi-t7-va-cn-ha-noi/1891017.html?ta_source=JobSearchList_LinkDetail&u_sr_id=D4syTnFr3lGPd7K0ulCymW7Kmie42uAVjT04o0vl_1759549983,Công ty TNHH Truyền Thông Seodo,15 - 30 triệu,Hà Nội,1 năm
UX/UI Product Owner (Web/App),https://www.topcv.vn/viec-lam/ux-ui-product-owner-web-app/1898090.html?ta_source=JobSearchList_LinkDetail&u_sr_id=D4syTnFr3lGPd7K0ulCymW7Kmie42uAVjT04o0vl_1759549983,Khối Công nghệ thông tin - Viettel Telecom,Thoả thuận,Hà Nội,Không yêu cầu
Kỹ Sư Tích Hợp Hệ Thống,https://www.topcv.vn/viec-lam/ky-su-tich-hop-he-thong/1898207.html?ta_source=JobSearchList_LinkDetail&u_sr_id=D4syTnFr3lGPd7K0ulCymW7Kmie42uAVjT04o0vl_1759549983,Khối Công nghệ thông tin - Viettel Telecom,Thoả thuận,Hà Nội,1 năm
Frontend Developer - Thu Nhập Gross Upto 32 Triệu (Hỗ Trợ Ăn Trưa) Tại Hà Nội,https://www.topcv.vn/viec-lam/frontend-developer-thu-nhap-gross-upto-32-trieu-ho-tro-an-trua-tai-ha-noi/1885683.html?ta_source=JobSearchList_LinkDetail&u_sr_id=D4syTnFr3lGPd7K0ulCymW7Kmie42uAVjT04o0vl_1759549983,Open Reach Tech Hanoi,22 - 32 triệu,Hà Nội,2 năm
Web Creator / Wordpress/ PHP/ CSS,https://www.topcv.vn/viec-lam/web-creator-wordpress-php-css/747970.html?ta_source=JobSearchList_LinkDetail&u_sr_id=D4syTnFr3lGPd7K0ulCymW7Kmie42uAVjT04o0vl_1759549983,Công Ty TNHH Chiroro-Net Việt,18 - 25 triệu,Hồ Chí Minh,2 năm
Java Spring Boot,https://www.topcv.vn/viec-lam/java-spring-boot/1861350.html?ta_source=JobSearchList_LinkDetail&u_sr_id=D4syTnFr3lGPd7K0ulCymW7Kmie42uAVjT04o0vl_1759549983,CÔNG TY CỔ PHẦN TINASOFT VIỆT NAM,Tới 18 triệu,Hà Nội,2 năm
Business Analyst,https://www.topcv.vn/viec-lam/business-analyst/1893182.html?ta_source=JobSearchList_LinkDetail&u_sr_id=D4syTnFr3lGPd7K0ulCymW7Kmie42uAVjT04o0vl_1759549983,CÔNG TY TNHH ĐẦU TƯ THƯƠNG MẠI TBESTPRO,18 - 25 triệu,Hà Nội,1 năm
Nhân Viên Thiết Kế Nhận Việc Ngay,https://www.topcv.vn/viec-lam/nhan-vien-thiet-ke-nhan-viec-ngay/1508460.html?ta_source=JobSearchList_LinkDetail&u_sr_id=D4syTnFr3lGPd7K0ulCymW7Kmie42uAVjT04o0vl_1759549983,Công ty TNHH Hiwin Hongkong,8 - 9 triệu,Hà Nội,1 năm
"FullStack Developer (NodeJS, ReactJS, Vue JS) - Experience Above 04 Years",https://www.topcv.vn/viec-lam/fullstack-developer-nodejs-reactjs-vue-js-experience-above-04-years/1881978.html?ta_source=JobSearchList_LinkDetail&u_sr_id=D4syTnFr3lGPd7K0ulCymW7Kmie42uAVjT04o0vl_1759549983,Công ty TNHH AIRCLOSET ENGINEERING,Thoả thuận,Hà Nội,4 năm
Java Developer,https://www.topcv.vn/viec-lam/java-developer/744031.html?ta_source=JobSearchList_LinkDetail&u_sr_id=D4syTnFr3lGPd7K0ulCymW7Kmie42uAVjT04o0vl_1759549983,ProCông ty Tài chính tín dụng tiêu dùng TNHH MB SHINSEI (Mcredit),Thoả thuận,Hà Nội,4 năm
"Nhân Viên Kỹ Thuật In Ấn - Thu Nhập Đến 17 Triệu, Tại Đức Hòa",https://www.topcv.vn/viec-lam/nhan-vien-ky-thuat-in-an-thu-nhap-den-17-trieu-tai-duc-hoa/1895830.html?ta_source=JobSearchList_LinkDetail&u_sr_id=D4syTnFr3lGPd7K0ulCymW7Kmie42uAVjT04o0vl_1759549983,Công Ty TNHH Đầu Tư Cảnh Phong,12 - 17 triệu,Long An,1 năm
Senior/Middle Hybrid App Developer (Angular + Capacitor) - Làm Việc Remote,https://www.topcv.vn/viec-lam/senior-middle-hybrid-app-developer-angular-capacitor-lam-viec-remote/1888432.html?ta_source=JobSearchList_LinkDetail&u_sr_id=D4syTnFr3lGPd7K0ulCymW7Kmie42uAVjT04o0vl_1759549983,CÔNG TY TNHH CÔNG NGHỆ STARTECH AI,20 - 40 triệu,Hồ Chí Minh,1 năm
Thực Tập Sinh Kinh Doanh (Thu Nhập Hấp Dẫn),https://www.topcv.vn/viec-lam/thuc-tap-sinh-kinh-doanh-thu-nhap-hap-dan/1889055.html?ta_source=JobSearchList_LinkDetail&u_sr_id=D4syTnFr3lGPd7K0ulCymW7Kmie42uAVjT04o0vl_1759549983,CÔNG TY CỔ PHẦN SEPAY,Từ 4 triệu,Hồ Chí Minh,Không yêu cầu
Software Engineer (Java),https://www.topcv.vn/viec-lam/software-engineer-java/1889691.html?ta_source=JobSearchList_LinkDetail&u_sr_id=D4syTnFr3lGPd7K0ulCymW7Kmie42uAVjT04o0vl_1759549983,CÔNG TY TNHH VETC DIGITAL,"Tới 1,500 USD",Hà Nội,4 năm
Android Automotive Developer (Middle To Senior),https://www.topcv.vn/viec-lam/android-automotive-developer-middle-to-senior/1888745.html?ta_source=JobSearchList_LinkDetail&u_sr_id=D4syTnFr3lGPd7K0ulCymW7Kmie42uAVjT04o0vl_1759549983,"VĂN PHÒNG KOTRA, ĐẠI SỨ QUÁN HÀN QUỐC",Thoả thuận,Hà Nội,4 năm
"Engineering Manager (.NET, Hands-On )",https://www.topcv.vn/viec-lam/engineering-manager-net-hands-on/1889717.html?ta_source=JobSearchList_LinkDetail&u_sr_id=D4syTnFr3lGPd7K0ulCymW7Kmie42uAVjT04o0vl_1759549983,CÔNG TY CỔ PHẦN CÔNG NGHỆ AROBID,Thoả thuận,Hồ Chí Minh,Trên 5 năm
3D Artist – Lương Đến 17 Triệu (Hà Nội),https://www.topcv.vn/viec-lam/3d-artist-luong-den-17-trieu-ha-noi/1894340.html?ta_source=JobSearchList_LinkDetail&u_sr_id=D4syTnFr3lGPd7K0ulCymW7Kmie42uAVjT04o0vl_1759549983,CÔNG TY TNHH KATAYAMA YOKO VIỆT NAM,12 - 17 triệu,Hà Nội,3 năm
Nhân Viên Thiết Kế Bao Bì In Ấn / Graphic Designer _ 01 Năm Kinh Nghiệm _ Đi Làm Ngay Tại Hoàng Mai - HN,https://www.topcv.vn/viec-lam/nhan-vien-thiet-ke-bao-bi-in-an-graphic-designer-01-nam-kinh-nghiem-di-lam-ngay-tai-hoang-mai-hn/1883318.html?ta_source=JobSearchList_LinkDetail&u_sr_id=D4syTnFr3lGPd7K0ulCymW7Kmie42uAVjT04o0vl_1759549983,CÔNG TY TNHH DỊCH VỤ CHÍNH NGHĨA,10 - 15 triệu,Hà Nội,Không yêu cầu
Tester Ielts Không Yêu Cầu Kinh Nghiệm (Hà Nội & Hồ Chí Minh),https://www.topcv.vn/brand/edutalkvn/tuyen-dung/tester-ielts-khong-yeu-cau-kinh-nghiem-ha-noi-ho-chi-minh-j1828160.html?ta_source=JobSearchList_LinkDetail&u_sr_id=D4syTnFr3lGPd7K0ulCymW7Kmie42uAVjT04o0vl_1759549983,CÔNG TY CỔ PHẦN TƯ VẤN ĐÁNH GIÁ VÀ PHÁT TRIỂN GIÁO DỤC EDUTALK,8 - 12 triệu,"Hồ Chí Minh, Hà Nội",Không yêu cầu
Senior AI Engineer Cho Dự Án Fintech,https://www.topcv.vn/viec-lam/senior-ai-engineer-cho-du-an-fintech/1876748.html?ta_source=JobSearchList_LinkDetail&u_sr_id=D4syTnFr3lGPd7K0ulCymW7Kmie42uAVjT04o0vl_1759549983,CÔNG TY CỔ PHẦN CYPHER AI LABS,Thoả thuận,Hà Nội,Trên 5 năm
Nhân Viên Kinh Doanh /Sale Phần Mềm - Thu Nhập 10-15 Triệu - Khu Vực Hà Nội,https://www.topcv.vn/viec-lam/nhan-vien-kinh-doanh-sale-phan-mem-thu-nhap-10-15-trieu-khu-vuc-ha-noi/1880209.html?ta_source=JobSearchList_LinkDetail&u_sr_id=D4syTnFr3lGPd7K0ulCymW7Kmie42uAVjT04o0vl_1759549983,CÔNG TY TNHH CÔNG NGHỆ THÔNG TIN STREAMS,10 - 15 triệu,Hà Nội,Dưới 1 năm
"Nhân Viên Junior Designer (UI/UX) - Lương 12-18tr Tại Đà Nẵng, Không Yêu Cầu Kinh Nghiệm",https://www.topcv.vn/viec-lam/nhan-vien-junior-designer-ui-ux-luong-12-18tr-tai-da-nang-khong-yeu-cau-kinh-nghiem/1889578.html?ta_source=JobSearchList_LinkDetail&u_sr_id=D4syTnFr3lGPd7K0ulCymW7Kmie42uAVjT04o0vl_1759549983,Công ty tnhh thương mại immanuel,12 - 18 triệu,Đà Nẵng,Không yêu cầu
Nhân Viên Idea Creator (Ngành Print On Demand),https://www.topcv.vn/viec-lam/nhan-vien-idea-creator-nganh-print-on-demand/1779206.html?ta_source=JobSearchList_LinkDetail&u_sr_id=D4syTnFr3lGPd7K0ulCymW7Kmie42uAVjT04o0vl_1759549983,CÔNG TY TNHH VIKCOM,7 - 9 triệu,Hồ Chí Minh,Không yêu cầu
Product Designer - Up To 30 Months Salary,https://www.topcv.vn/viec-lam/product-designer-up-to-30-months-salary/1828997.html?ta_source=JobSearchList_LinkDetail&u_sr_id=D4syTnFr3lGPd7K0ulCymW7Kmie42uAVjT04o0vl_1759549983,Crossian,Thoả thuận,Hà Nội,3 năm
IT Comtor (Tiếng Nhật N2 Trở Lên) - Nghỉ T7 CN,https://www.topcv.vn/viec-lam/it-comtor-tieng-nhat-n2-tro-len-nghi-t7-cn/1889547.html?ta_source=JobSearchList_LinkDetail&u_sr_id=D4syTnFr3lGPd7K0ulCymW7Kmie42uAVjT04o0vl_1759549983,Công TY TNHH FLINTERS Việt Nam,"Tới 1,000 USD",Hà Nội,1 năm
Nhân Viên Nhập Liệu Biết Tiếng Nhật Yêu Cầu CV Tiếng Nhật,https://www.topcv.vn/viec-lam/nhan-vien-nhap-lieu-biet-tieng-nhat-yeu-cau-cv-tieng-nhat/1860069.html?ta_source=JobSearchList_LinkDetail&u_sr_id=D4syTnFr3lGPd7K0ulCymW7Kmie42uAVjT04o0vl_1759549983,CÔNG TY TNHH VIỆT NAM CAMCOM,8.5 - 12 triệu,Hà Nội,Không yêu cầu
Chuyên Viên Thiết Kế UI/UX - Từ 03 Năm Kinh Nghiệm - Thu Nhập Hấp Dẫn - Làm Việc Tại Hà Nội,https://www.topcv.vn/viec-lam/chuyen-vien-thiet-ke-ui-ux-tu-03-nam-kinh-nghiem-thu-nhap-hap-dan-lam-viec-tai-ha-noi/1890837.html?ta_source=JobSearchList_LinkDetail&u_sr_id=D4syTnFr3lGPd7K0ulCymW7Kmie42uAVjT04o0vl_1759549983,Công ty Cổ phần Tập đoàn TDI,Thoả thuận,Hà Nội,3 năm
Business Analyst,https://www.topcv.vn/viec-lam/business-analyst/1887317.html?ta_source=JobSearchList_LinkDetail&u_sr_id=D4syTnFr3lGPd7K0ulCymW7Kmie42uAVjT04o0vl_1759549983,CÔNG TY TNHH VETC DIGITAL,"Tới 1,500 USD",Hà Nội,4 năm
IT Business Analyst,https://www.topcv.vn/brand/shinhanfinance1/tuyen-dung/it-business-analyst-j1579507.html?ta_source=JobSearchList_LinkDetail&u_sr_id=D4syTnFr3lGPd7K0ulCymW7Kmie42uAVjT04o0vl_1759549983,ProSHINHAN FINANCE,Thoả thuận,Hồ Chí Minh,4 năm
Nữ Graphic Designer 2D (Không Cần Kinh Nghiệm),https://www.topcv.vn/viec-lam/nu-graphic-designer-2d-khong-can-kinh-nghiem/1758746.html?ta_source=JobSearchList_LinkDetail&u_sr_id=D4syTnFr3lGPd7K0ulCymW7Kmie42uAVjT04o0vl_1759549983,CÔNG TY TNHH VIKCOM,7 - 9 triệu,Hồ Chí Minh,Dưới 1 năm
Lập Trình Viên Mobile App/ Mobile Developer (App Tài Chính) - Thu Nhập Upto 20 Triệu - Làm Việc Từ Thứ 2 Đến Thứ 6,https://www.topcv.vn/viec-lam/lap-trinh-vien-mobile-app-mobile-developer-app-tai-chinh-thu-nhap-upto-20-trieu-lam-viec-tu-thu-2-den-thu-6/1891085.html?ta_source=JobSearchList_LinkDetail&u_sr_id=D4syTnFr3lGPd7K0ulCymW7Kmie42uAVjT04o0vl_1759549983,Công ty Cổ phần Tập đoàn Đầu tư EMIR,16 - 20 triệu,Hà Nội,3 năm
Lập Trình Viên Mobile App/ Mobile Developer (App Tài Chính) - Thu Nhập Upto 20 Triệu - Làm Việc Từ Thứ 2 Đến Thứ 6,https://www.topcv.vn/viec-lam/lap-trinh-vien-mobile-app-mobile-developer-app-tai-chinh-thu-nhap-upto-20-trieu-lam-viec-tu-thu-2-den-thu-6/1891085.html?ta_source=JobSearchList_LinkDetail&u_sr_id=9BWmfM365cZpxy9DjLduxSEeaZN3uyGpomV1wUac_1759549989,Công ty Cổ phần Tập đoàn Đầu tư EMIR,16 - 20 triệu,Hà Nội,3 năm
Senior/Leader QA Engineer,https://www.topcv.vn/viec-lam/senior-leader-qa-engineer/1894560.html?ta_source=JobSearchList_LinkDetail&u_sr_id=9BWmfM365cZpxy9DjLduxSEeaZN3uyGpomV1wUac_1759549989,CÔNG TY TNHH ALCHEMY TECHNOLOGIES,Thoả thuận,Hồ Chí Minh,3 năm
IT Project Manager - Lương Hấp Dẫn Từ 30M+++,https://www.topcv.vn/viec-lam/it-project-manager-luong-hap-dan-tu-30m/1884305.html?ta_source=JobSearchList_LinkDetail&u_sr_id=9BWmfM365cZpxy9DjLduxSEeaZN3uyGpomV1wUac_1759549989,CÔNG TY CỔ PHẦN FUTURE CONNECT,Từ 30 triệu,Hà Nội,3 năm
IT Maintenance & Troubleshooting Engineer (IT Engineer),https://www.topcv.vn/viec-lam/it-maintenance-troubleshooting-engineer-it-engineer/1893577.html?ta_source=JobSearchList_LinkDetail&u_sr_id=9BWmfM365cZpxy9DjLduxSEeaZN3uyGpomV1wUac_1759549989,CHI NHÁNH CÔNG TY TNHH KDDI VIỆT NAM TẠI THÀNH PHỐ HỒ CHÍ MINH,15 - 20 triệu,Hồ Chí Minh,1 năm
Lập Trình Viên Developer [Junior Level],https://www.topcv.vn/viec-lam/lap-trinh-vien-developer-junior-level/1757124.html?ta_source=JobSearchList_LinkDetail&u_sr_id=9BWmfM365cZpxy9DjLduxSEeaZN3uyGpomV1wUac_1759549989,CÔNG TY TNHH IDENTALSOFT VIỆT NAM,10 - 18 triệu,Hồ Chí Minh,Không yêu cầu
Nhân Viên IT - Lương Đến 18 Triệu,https://www.topcv.vn/viec-lam/nhan-vien-it-luong-den-18-trieu/1883811.html?ta_source=JobSearchList_LinkDetail&u_sr_id=9BWmfM365cZpxy9DjLduxSEeaZN3uyGpomV1wUac_1759549989,Công ty Cổ phần Thú y xanh Việt Nam,16 - 18 triệu,Hà Nội,1 năm
"Nhân Viên Phân Tích Nghiệp Vụ Công Nghệ Thông Tin (BA), Tối Thiểu Từ 2 Năm Kinh Nghiệm - Thu Nhập Upto 25 Triệu (Hỗ Trợ Ăn Trưa) Tại Hà Nội",https://www.topcv.vn/viec-lam/nhan-vien-phan-tich-nghiep-vu-cong-nghe-thong-tin-ba-toi-thieu-tu-2-nam-kinh-nghiem-thu-nhap-upto-25-trieu-ho-tro-an-trua-tai-ha-noi/1885807.html?ta_source=JobSearchList_LinkDetail&u_sr_id=9BWmfM365cZpxy9DjLduxSEeaZN3uyGpomV1wUac_1759549989,Công ty cổ phần Đầu tư Bất động sản Hapulico,15 - 25 triệu,Hà Nội,2 năm
Embedded Software Engineer Thu Nhập Thỏa Thuận Tại Hà Nội,https://www.topcv.vn/viec-lam/embedded-software-engineer-thu-nhap-thoa-thuan-tai-ha-noi/1823934.html?ta_source=JobSearchList_LinkDetail&u_sr_id=9BWmfM365cZpxy9DjLduxSEeaZN3uyGpomV1wUac_1759549989,CÔNG TY CỔ PHẦN ĐIỆN TỬ SOJI,Thoả thuận,Hà Nội,1 năm
.NET Developer - 02 Năm Kinh Nghiệm - Lương 15 Đến 20 Triệu + Phụ Cấp + Thưởng - Thanh Xuân (Hà Nội),https://www.topcv.vn/viec-lam/net-developer-02-nam-kinh-nghiem-luong-15-den-20-trieu-phu-cap-thuong-thanh-xuan-ha-noi/1862748.html?ta_source=JobSearchList_LinkDetail&u_sr_id=9BWmfM365cZpxy9DjLduxSEeaZN3uyGpomV1wUac_1759549989,CÔNG TY CỔ PHẦN VIỄN THÔNG INTERCOM VIỆT NAM,15 - 20 triệu,Hà Nội,2 năm
Flutter Developer Kiêm Fullstack Developer - Thu Nhập Upto 18 Triệu (Thưởng Năng Suất Và Lợi Nhuận) Tại Hà Nội,https://www.topcv.vn/viec-lam/flutter-developer-kiem-fullstack-developer-thu-nhap-upto-18-trieu-thuong-nang-suat-va-loi-nhuan-tai-ha-noi/1885011.html?ta_source=JobSearchList_LinkDetail&u_sr_id=9BWmfM365cZpxy9DjLduxSEeaZN3uyGpomV1wUac_1759549989,CÔNG TY CỔ PHẦN THƯƠNG MẠI ĐIỆN TỬ BẢO KIM,12 - 18 triệu,Hà Nội,1 năm
Business Analyst,https://www.topcv.vn/viec-lam/business-analyst/1884483.html?ta_source=JobSearchList_LinkDetail&u_sr_id=9BWmfM365cZpxy9DjLduxSEeaZN3uyGpomV1wUac_1759549989,CÔNG TY CỔ PHẦN GIẢI PHÁP CÔNG NGHỆ CARO,15 - 30 triệu,Hà Nội,3 năm
Nhân Viên Front End Developer - Chỉ Tuyển Nữ,https://www.topcv.vn/viec-lam/nhan-vien-front-end-developer-chi-tuyen-nu/1890433.html?ta_source=JobSearchList_LinkDetail&u_sr_id=9BWmfM365cZpxy9DjLduxSEeaZN3uyGpomV1wUac_1759549989,CÔNG TY TNHH TRUYỀN THÔNG SKY ADS VIỆT NAM,8 - 15 triệu,Hà Nội,1 năm
Phân Tích Nghiệp Vụ - BA,https://www.topcv.vn/viec-lam/phan-tich-nghiep-vu-ba/1850222.html?ta_source=JobSearchList_LinkDetail&u_sr_id=9BWmfM365cZpxy9DjLduxSEeaZN3uyGpomV1wUac_1759549989,Công ty cổ phần FDS,Thoả thuận,Hà Nội,3 năm
PHP Web Developer,https://www.topcv.vn/viec-lam/php-web-developer/1890951.html?ta_source=JobSearchList_LinkDetail&u_sr_id=9BWmfM365cZpxy9DjLduxSEeaZN3uyGpomV1wUac_1759549989,CÔNG TY TRÁCH NHIỆM HỮU HẠN THK HOLDINGS VIỆT NAM,Thoả thuận,Hồ Chí Minh,3 năm
"Nhân Viên Kinh Doanh Phần Mềm, Lương Cứng 7 - 15 Triệu, Nghỉ T7, CN (Hồ Chí Minh, Hà Nội)",https://www.topcv.vn/viec-lam/nhan-vien-kinh-doanh-phan-mem-luong-cung-7-15-trieu-nghi-t7-cn-ho-chi-minh-ha-noi/1793951.html?ta_source=JobSearchList_LinkDetail&u_sr_id=9BWmfM365cZpxy9DjLduxSEeaZN3uyGpomV1wUac_1759549989,Công ty TNHH MTV công nghệ AN VUI,Từ 30 triệu,"Hà Nội, Hồ Chí Minh",Không yêu cầu
Nhân Viên Thiết Kế Designer _ Hà Nội _  Đà Nẵng _ Lương Upto 10 Triệu _ Không Yêu Cầu Kinh Nghiệm,https://www.topcv.vn/viec-lam/nhan-vien-thiet-ke-designer-ha-noi-da-nang-luong-upto-10-trieu-khong-yeu-cau-kinh-nghiem/1886959.html?ta_source=JobSearchList_LinkDetail&u_sr_id=9BWmfM365cZpxy9DjLduxSEeaZN3uyGpomV1wUac_1759549989,CÔNG TY TNHH MODOBOM QUỐC TẾ,7 - 10 triệu,"Đà Nẵng, Hà Nội",Không yêu cầu
Kỹ Thuật Quản Trị Cơ Sở Dữ Liệu - DBA - Thu Nhập Upto 35 Triệu Đồng - 1 Năm Kinh Nghiệm,https://www.topcv.vn/viec-lam/ky-thuat-quan-tri-co-so-du-lieu-dba-thu-nhap-upto-35-trieu-dong-1-nam-kinh-nghiem/1897732.html?ta_source=JobSearchList_LinkDetail&u_sr_id=9BWmfM365cZpxy9DjLduxSEeaZN3uyGpomV1wUac_1759549989,Công ty cổ phần Onenet,15 - 35 triệu,Hà Nội,1 năm
Data Analyst/ Reporting Associate,https://www.topcv.vn/brand/shinhanfinance1/tuyen-dung/data-analyst-reporting-associate-j1884425.html?ta_source=JobSearchList_LinkDetail&u_sr_id=9BWmfM365cZpxy9DjLduxSEeaZN3uyGpomV1wUac_1759549989,ProSHINHAN FINANCE,Thoả thuận,Hồ Chí Minh,1 năm
Quản Lý Dự Án Triển Khai (IT Project Manager),https://www.topcv.vn/viec-lam/quan-ly-du-an-trien-khai-it-project-manager/1684269.html?ta_source=JobSearchList_LinkDetail&u_sr_id=9BWmfM365cZpxy9DjLduxSEeaZN3uyGpomV1wUac_1759549989,Công ty cổ phần công nghệ Isofh,Thoả thuận,"Hà Nội, Hồ Chí Minh",1 năm
Chương Trình Đào Tạo IT Fresher - Testing Engineer - The Rookie2Engineer - Offer Up To 17M,https://www.topcv.vn/viec-lam/chuong-trinh-dao-tao-it-fresher-testing-engineer-the-rookie2engineer-offer-up-to-17m/1895731.html?ta_source=JobSearchList_LinkDetail&u_sr_id=9BWmfM365cZpxy9DjLduxSEeaZN3uyGpomV1wUac_1759549989,NashTech,Thoả thuận,"Hồ Chí Minh, Hà Nội",Không yêu cầu
Designer / Retoucher Thẩm Mỹ Quận 10 Thu Nhập Hấp Dẫn,https://www.topcv.vn/viec-lam/designer-retoucher-tham-my-quan-10-thu-nhap-hap-dan/1184953.html?ta_source=JobSearchList_LinkDetail&u_sr_id=9BWmfM365cZpxy9DjLduxSEeaZN3uyGpomV1wUac_1759549989,Măng Beauty Studio,12 - 16 triệu,Hồ Chí Minh,1 năm
Frontend Developer - Từ 03 Năm Kinh Nghiệm - Thu Nhập Hấp Dẫn,https://www.topcv.vn/viec-lam/frontend-developer-tu-03-nam-kinh-nghiem-thu-nhap-hap-dan/1891528.html?ta_source=JobSearchList_LinkDetail&u_sr_id=9BWmfM365cZpxy9DjLduxSEeaZN3uyGpomV1wUac_1759549989,Công ty Cổ phần Tập đoàn TDI,Thoả thuận,Hà Nội,3 năm
Nhân Viên Hỗ Trợ Dự Án,https://www.topcv.vn/viec-lam/nhan-vien-ho-tro-du-an/1898193.html?ta_source=JobSearchList_LinkDetail&u_sr_id=9BWmfM365cZpxy9DjLduxSEeaZN3uyGpomV1wUac_1759549989,Khối Công nghệ thông tin - Viettel Telecom,Thoả thuận,Hà Nội,1 năm
Senior Designer 2D (Mức Lương Từ 15 Triệu),https://www.topcv.vn/viec-lam/senior-designer-2d-muc-luong-tu-15-trieu/1887015.html?ta_source=JobSearchList_LinkDetail&u_sr_id=9BWmfM365cZpxy9DjLduxSEeaZN3uyGpomV1wUac_1759549989,CÔNG TY CỔ PHẦN HỢP TÁC VÀ PHÁT TRIỂN TRUYỀN THÔNG NBN,Từ 15 triệu,Hồ Chí Minh,3 năm
"Nhân Viên Kinh Doanh Phần Mềm/ Sales B2B/ Nhân Viên Tư Vấn, Thu Nhập 15 - 40 Triệu, Nghỉ Thứ 7 Và Chủ Nhật, Đi Làm Ngay - Hồ Chí Minh",https://www.topcv.vn/viec-lam/nhan-vien-kinh-doanh-phan-mem-sales-b2b-nhan-vien-tu-van-thu-nhap-15-40-trieu-nghi-thu-7-va-chu-nhat-di-lam-ngay-ho-chi-minh/1883960.html?ta_source=JobSearchList_LinkDetail&u_sr_id=9BWmfM365cZpxy9DjLduxSEeaZN3uyGpomV1wUac_1759549989,CÔNG TY TNHH CNV HOLDINGS,15 - 40 triệu,Hồ Chí Minh,Dưới 1 năm
Thiết Kế Đồ Họa/ Graphic Designer - Ưu Tiên NỮ - 1 Năm Kinh Nghiệm - Nghỉ Thứ 7 - CN - Thu Nhập Upto 20M - Tại Hà Nội,https://www.topcv.vn/viec-lam/thiet-ke-do-hoa-graphic-designer-uu-tien-nu-1-nam-kinh-nghiem-nghi-thu-7-cn-thu-nhap-upto-20m-tai-ha-noi/1899574.html?ta_source=JobSearchList_LinkDetail&u_sr_id=9BWmfM365cZpxy9DjLduxSEeaZN3uyGpomV1wUac_1759549989,CÔNG TY CỔ PHẦN SMARTMOVE VIỆT NAM,Tới 20 triệu,Hà Nội,1 năm
Nhân Viên Kinh Doanh Ngành Game,https://www.topcv.vn/viec-lam/nhan-vien-kinh-doanh-nganh-game/1797374.html?ta_source=JobSearchList_LinkDetail&u_sr_id=9BWmfM365cZpxy9DjLduxSEeaZN3uyGpomV1wUac_1759549989,CÔNG TY CỔ PHẦN SMARTSCALE,Thoả thuận,Hồ Chí Minh,Dưới 1 năm
Software Tester,https://www.topcv.vn/viec-lam/software-tester/1665902.html?ta_source=JobSearchList_LinkDetail&u_sr_id=9BWmfM365cZpxy9DjLduxSEeaZN3uyGpomV1wUac_1759549989,"INFINIQ Vietnam Co.,ltd",Thoả thuận,Hà Nội,Dưới 1 năm
Lập Trình Viên VueJS,https://www.topcv.vn/viec-lam/lap-trinh-vien-vuejs/1893753.html?ta_source=JobSearchList_LinkDetail&u_sr_id=9BWmfM365cZpxy9DjLduxSEeaZN3uyGpomV1wUac_1759549989,Công ty cổ phần FDS,Thoả thuận,Hà Nội,2 năm
Nhân Viên IT Helpdesk,https://www.topcv.vn/viec-lam/nhan-vien-it-helpdesk/1891300.html?ta_source=JobSearchList_LinkDetail&u_sr_id=9BWmfM365cZpxy9DjLduxSEeaZN3uyGpomV1wUac_1759549989,Công Ty TNHH Bảo Hiểm Tasco,Thoả thuận,Hà Nội,3 năm
Graphic Designer,https://www.topcv.vn/viec-lam/graphic-designer/1556162.html?ta_source=JobSearchList_LinkDetail&u_sr_id=9BWmfM365cZpxy9DjLduxSEeaZN3uyGpomV1wUac_1759549989,CÔNG TY TNHH DH VENTURES VIETNAM,12 - 18 triệu,Hồ Chí Minh,1 năm
Nhân Viên Kinh Doanh - Quản Lý Khách Hàng (AM),https://www.topcv.vn/viec-lam/nhan-vien-kinh-doanh-quan-ly-khach-hang-am/1897428.html?ta_source=JobSearchList_LinkDetail&u_sr_id=9BWmfM365cZpxy9DjLduxSEeaZN3uyGpomV1wUac_1759549989,CÔNG TY TNHH GIẢI PHÁP BẢO MẬT SỐ,Thoả thuận,Hà Nội,2 năm
Mobile Developer (IOS/Android) - Fresher - Khu Vực Quận 7 (TP.HCM),https://www.topcv.vn/viec-lam/mobile-developer-ios-android-fresher-khu-vuc-quan-7-tp-hcm/1892153.html?ta_source=JobSearchList_LinkDetail&u_sr_id=9BWmfM365cZpxy9DjLduxSEeaZN3uyGpomV1wUac_1759549989,CÔNG TY TNHH ANH PHÁT,10 - 12 triệu,Hồ Chí Minh,Không yêu cầu
Back-End Developer,https://www.topcv.vn/viec-lam/back-end-developer/1888410.html?ta_source=JobSearchList_LinkDetail&u_sr_id=9BWmfM365cZpxy9DjLduxSEeaZN3uyGpomV1wUac_1759549989,CÔNG TY TNHH GLODIVAL,9 - 12 triệu,Hồ Chí Minh,Không yêu cầu
Thực Tập Sinh Tư Vấn Triển Khai Phần Mềm ( Full Time),https://www.topcv.vn/viec-lam/thuc-tap-sinh-tu-van-trien-khai-phan-mem-full-time/1855187.html?ta_source=JobSearchList_LinkDetail&u_sr_id=9BWmfM365cZpxy9DjLduxSEeaZN3uyGpomV1wUac_1759549989,CÔNG TY TNHH CÔNG NGHỆ PHẦN MỀM NASANI,4 - 10 triệu,Hồ Chí Minh,Không yêu cầu
"Kỹ Sư Lập Trình Ứng Dụng Vision-Tự Động Hóa (Có Kinh Nghiệm Lập Trình PLC / HMI; Ngôn Ngữ Lập Trình C / C++, C#, VB, Python)",https://www.topcv.vn/viec-lam/ky-su-lap-trinh-ung-dung-vision-tu-dong-hoa-co-kinh-nghiem-lap-trinh-plc-hmi-ngon-ngu-lap-trinh-c-c-c-vb-python/1881826.html?ta_source=JobSearchList_LinkDetail&u_sr_id=9BWmfM365cZpxy9DjLduxSEeaZN3uyGpomV1wUac_1759549989,CÔNG TY TNHH TDMK,Thoả thuận,Hà Nội,1 năm
Nhân Viên Tư Vấn Bán Hàng B2B/ Kinh Doanh Bán Hàng (Phần Mềm Quản Lý Bán Hàng) - Thu Nhập Trung Bình Từ 15 Triệu Đến 40 Triệu + Thưởng KPI,https://www.topcv.vn/viec-lam/nhan-vien-tu-van-ban-hang-b2b-kinh-doanh-ban-hang-phan-mem-quan-ly-ban-hang-thu-nhap-trung-binh-tu-15-trieu-den-40-trieu-thuong-kpi/1591912.html?ta_source=JobSearchList_LinkDetail&u_sr_id=9BWmfM365cZpxy9DjLduxSEeaZN3uyGpomV1wUac_1759549989,CÔNG TY TNHH BIGSELLER TECHNOLOGY (VIỆT NAM),15 - 40 triệu,"Hồ Chí Minh, Hà Nội",2 năm
Nhân Viên Graphic Designer,https://www.topcv.vn/viec-lam/nhan-vien-graphic-designer/1881748.html?ta_source=JobSearchList_LinkDetail&u_sr_id=9BWmfM365cZpxy9DjLduxSEeaZN3uyGpomV1wUac_1759549989,CÔNG TY TNHH ANYTAPE VIỆT NAM,Thoả thuận,Hồ Chí Minh,2 năm
Nhân Viên Kinh Doanh/ Tư Vấn Công Nghệ/ Tư Vấn Bán Hàng/ Sale IT Thu Nhập Từ 10 - 20 Triệu Tại Hà Nội,https://www.topcv.vn/viec-lam/nhan-vien-kinh-doanh-tu-van-cong-nghe-tu-van-ban-hang-sale-it-thu-nhap-tu-10-20-trieu-tai-ha-noi/1899786.html?ta_source=JobSearchList_LinkDetail&u_sr_id=9BWmfM365cZpxy9DjLduxSEeaZN3uyGpomV1wUac_1759549989,CÔNG TY CỔ PHẦN RAPIDA TECHNOLOGIES,10 - 20 triệu,Hà Nội,Dưới 1 năm
Senior Backend Developer (Golang Prefer),https://www.topcv.vn/viec-lam/senior-backend-developer-golang-prefer/1883361.html?ta_source=JobSearchList_LinkDetail&u_sr_id=9BWmfM365cZpxy9DjLduxSEeaZN3uyGpomV1wUac_1759549989,CÔNG TY TNHH MỘT THÀNH VIÊN ATHENA HUB,30 - 50 triệu,Hồ Chí Minh,4 năm
Lập Trình Viên IOS (Mobile Apps),https://www.topcv.vn/viec-lam/lap-trinh-vien-ios-mobile-apps/1895155.html?ta_source=JobSearchList_LinkDetail&u_sr_id=9BWmfM365cZpxy9DjLduxSEeaZN3uyGpomV1wUac_1759549989,Công ty Cổ phần INFINITY TECHNOLOGY GLOBAL,18 - 30 triệu,Hà Nội,3 năm
Site Reliability Engineer (SRE),https://www.topcv.vn/viec-lam/site-reliability-engineer-sre/1862689.html?ta_source=JobSearchList_LinkDetail&u_sr_id=9BWmfM365cZpxy9DjLduxSEeaZN3uyGpomV1wUac_1759549989,ProCông ty cổ phần Tasco,Thoả thuận,Hà Nội,2 năm
Phó Phòng Công Nghệ Thông Tin (Mảng Tài Chính) - Thu Nhập Upto 40 Triệu - Làm Việc Từ Thứ 2 Đến Thứ 6,https://www.topcv.vn/viec-lam/pho-phong-cong-nghe-thong-tin-mang-tai-chinh-thu-nhap-upto-40-trieu-lam-viec-tu-thu-2-den-thu-6/1891530.html?ta_source=JobSearchList_LinkDetail&u_sr_id=9BWmfM365cZpxy9DjLduxSEeaZN3uyGpomV1wUac_1759549989,Công ty Cổ phần Tập đoàn Đầu tư EMIR,30 - 40 triệu,Hà Nội,5 năm
Lập Trình Viên Android,https://www.topcv.vn/viec-lam/lap-trinh-vien-android/1884178.html?ta_source=JobSearchList_LinkDetail&u_sr_id=9BWmfM365cZpxy9DjLduxSEeaZN3uyGpomV1wUac_1759549989,EZTech & CDT Games Studio,20 - 30 triệu,Hà Nội,2 năm
DEV - Embedded Software Engineer,https://www.topcv.vn/viec-lam/dev-embedded-software-engineer/1874980.html?ta_source=JobSearchList_LinkDetail&u_sr_id=9BWmfM365cZpxy9DjLduxSEeaZN3uyGpomV1wUac_1759549989,"VĂN PHÒNG ĐẠI DIỆN KAON GROUP CO., LTD TẠI THÀNH PHỐ HÀ NỘI",Thoả thuận,Hà Nội,3 năm
Sales B2B/ Business Consultant /Sales Giải Pháp Chuyển Đổi Số- Up To 20M,https://www.topcv.vn/viec-lam/sales-b2b-business-consultant-sales-giai-phap-chuyen-doi-so-up-to-20m/1862049.html?ta_source=JobSearchList_LinkDetail&u_sr_id=9BWmfM365cZpxy9DjLduxSEeaZN3uyGpomV1wUac_1759549989,Công ty Cổ Phần Base Enterprise,12 - 20 triệu,Hồ Chí Minh,1 năm
DevOps Engineer (Azure)- Up To 50M,https://www.topcv.vn/viec-lam/devops-engineer-azure-up-to-50m/1894887.html?ta_source=JobSearchList_LinkDetail&u_sr_id=9BWmfM365cZpxy9DjLduxSEeaZN3uyGpomV1wUac_1759549989,Công Ty TNHH NTT DATA VDS,30 - 50 triệu,Hà Nội,2 năm
Backend Developer (Python) Senior Level | Lương Upto 40 Triệu++,https://www.topcv.vn/viec-lam/backend-developer-python-senior-level-luong-upto-40-trieu/1785633.html?ta_source=JobSearchList_LinkDetail&u_sr_id=9BWmfM365cZpxy9DjLduxSEeaZN3uyGpomV1wUac_1759549989,CÔNG TY TNHH VODAPLAY VIỆT NAM,Tới 40 triệu,Hà Nội,4 năm
DevOps Engineer,https://www.topcv.vn/brand/topcv/tuyen-dung/devops-engineer-j1823528.html?ta_source=JobSearchList_LinkDetail&u_sr_id=9BWmfM365cZpxy9DjLduxSEeaZN3uyGpomV1wUac_1759549989,Công ty Cổ phần TOPCV Việt Nam,Thoả thuận,Hà Nội,2 năm
"Junior Business Analyst At Bitel, Based In Peru  - Salary $1,100 - $1,400",https://www.topcv.vn/viec-lam/junior-business-analyst-at-bitel-based-in-peru-salary-1-100-1-400/1894336.html?ta_source=JobSearchList_LinkDetail&u_sr_id=9BWmfM365cZpxy9DjLduxSEeaZN3uyGpomV1wUac_1759549989,Viettel Peru,"1,100 - 1,400 USD",Nước Ngoài,1 năm
Senior Fullstack Software Engineer,https://www.topcv.vn/viec-lam/senior-fullstack-software-engineer/1894348.html?ta_source=JobSearchList_LinkDetail&u_sr_id=oS3w78gHBKaYXdp5EXo0hToC5hmwAC2b1FF5zEUm_1759549996,CÔNG TY CỔ PHẦN CYPHER AI LABS,Thoả thuận,Hà Nội,5 năm
Senior Frontend Developer (React.Js/Next.Js) - Mức Lương Upto 30M,https://www.topcv.vn/viec-lam/senior-frontend-developer-react-js-next-js-muc-luong-upto-30m/1771109.html?ta_source=JobSearchList_LinkDetail&u_sr_id=oS3w78gHBKaYXdp5EXo0hToC5hmwAC2b1FF5zEUm_1759549996,CÔNG TY TNHH VODAPLAY VIỆT NAM,Tới 30 triệu,Hà Nội,4 năm
"Sales Leader B2B/ Trưởng Nhóm Kinh Doanh Phần Mềm, Thu Nhập 15 - 40 Triệu, Nghỉ T7 & CN",https://www.topcv.vn/viec-lam/sales-leader-b2b-truong-nhom-kinh-doanh-phan-mem-thu-nhap-15-40-trieu-nghi-t7-cn/1882230.html?ta_source=JobSearchList_LinkDetail&u_sr_id=oS3w78gHBKaYXdp5EXo0hToC5hmwAC2b1FF5zEUm_1759549996,CÔNG TY TNHH CNV HOLDINGS,15 - 40 triệu,"Hồ Chí Minh, Hà Nội",Dưới 1 năm
Mobile Developer (Flutter)- Thu Nhập Up To 25tr- Tại Hà Nội,https://www.topcv.vn/viec-lam/mobile-developer-flutter-thu-nhap-up-to-25tr-tai-ha-noi/1891581.html?ta_source=JobSearchList_LinkDetail&u_sr_id=oS3w78gHBKaYXdp5EXo0hToC5hmwAC2b1FF5zEUm_1759549996,CÔNG TY TNHH 10KN,Tới 25 triệu,Hà Nội,3 năm
Nhân Viên Tư Vấn Triển Khai Phần Mềm (Có Đào Tạo),https://www.topcv.vn/viec-lam/nhan-vien-tu-van-trien-khai-phan-mem-co-dao-tao/1897777.html?ta_source=JobSearchList_LinkDetail&u_sr_id=oS3w78gHBKaYXdp5EXo0hToC5hmwAC2b1FF5zEUm_1759549996,CÔNG TY TNHH CÔNG NGHỆ PHẦN MỀM NASANI,8 - 25 triệu,Hồ Chí Minh,Không yêu cầu
"Chuyên Viên Kinh Doanh Hạ Tầng Công Nghê Thông Tin - Điện Nhẹ / Sales B2B - Tối Thiểu 2 Năm Kinh Nghiệm (Sinh Năm 1997 Trở Lên, Lương Cơ Bản Từ 10 Triệu + Thưởng, Thu Nhập Hấp Dẫn) - TP Hồ Chí Minh",https://www.topcv.vn/viec-lam/chuyen-vien-kinh-doanh-ha-tang-cong-nghe-thong-tin-dien-nhe-sales-b2b-toi-thieu-2-nam-kinh-nghiem-sinh-nam-1997-tro-len-luong-co-ban-tu-10-trieu-thuong-thu-nhap-hap-dan-tp-ho-chi-minh/1837535.html?ta_source=JobSearchList_LinkDetail&u_sr_id=oS3w78gHBKaYXdp5EXo0hToC5hmwAC2b1FF5zEUm_1759549996,CÔNG TY CỔ PHẦN MẠNG SÁNG TẠO EASYNET,Thoả thuận,Hồ Chí Minh,2 năm
IOS Developer (Swift/C++),https://www.topcv.vn/viec-lam/ios-developer-swift-c/1608572.html?ta_source=JobSearchList_LinkDetail&u_sr_id=oS3w78gHBKaYXdp5EXo0hToC5hmwAC2b1FF5zEUm_1759549996,CÔNG TY TNHH PHẦN MỀM TOWER HÀ NỘI,Thoả thuận,Hà Nội,2 năm
Website Developer Wordpress Shopify -Hà Nội / Thái Nguyên -  Lương 15 Triệu + Thưởng,https://www.topcv.vn/brand/maxbiocare/tuyen-dung/website-developer-wordpress-shopify-ha-noi-thai-nguyen-luong-15-trieu-thuong-j1796654.html?ta_source=JobSearchList_LinkDetail&u_sr_id=oS3w78gHBKaYXdp5EXo0hToC5hmwAC2b1FF5zEUm_1759549996,VĂN PHÒNG ĐẠI DIỆN MAX BIOCARE PTY LTD TẠI HÀ NỘI,15 - 20 triệu,"Thái Nguyên, Hà Nội",3 năm
Graphic Designer - Thu Nhập Từ 10-15 Triệu,https://www.topcv.vn/brand/maxbiocare/tuyen-dung/graphic-designer-thu-nhap-tu-10-15-trieu-j1796703.html?ta_source=JobSearchList_LinkDetail&u_sr_id=oS3w78gHBKaYXdp5EXo0hToC5hmwAC2b1FF5zEUm_1759549996,VĂN PHÒNG ĐẠI DIỆN MAX BIOCARE PTY LTD TẠI HÀ NỘI,10 - 15 triệu,Thái Nguyên,2 năm
"Middle Fullstack Java, 3 Năm Kinh Nghiệm, Lương 35M",https://www.topcv.vn/viec-lam/middle-fullstack-java-3-nam-kinh-nghiem-luong-35m/1885162.html?ta_source=JobSearchList_LinkDetail&u_sr_id=oS3w78gHBKaYXdp5EXo0hToC5hmwAC2b1FF5zEUm_1759549996,Công ty cổ phần Synodus,Tới 35 triệu,Hà Nội,3 năm
Quản Trị Mạng Xã Hội Kiêm Thu Ngân - Lương Upto 12tr - Tại Hà Nội,https://www.topcv.vn/viec-lam/quan-tri-mang-xa-hoi-kiem-thu-ngan-luong-upto-12tr-tai-ha-noi/1897594.html?ta_source=JobSearchList_LinkDetail&u_sr_id=oS3w78gHBKaYXdp5EXo0hToC5hmwAC2b1FF5zEUm_1759549996,CÔNG TY TNHH DU LỊCH VÀ KHÁCH SẠN LINH QUỲNH HƯNG,8 - 12 triệu,Hà Nội,1 năm
QA - Validation & Verification Engineer,https://www.topcv.vn/viec-lam/qa-validation-verification-engineer/1873287.html?ta_source=JobSearchList_LinkDetail&u_sr_id=oS3w78gHBKaYXdp5EXo0hToC5hmwAC2b1FF5zEUm_1759549996,"VĂN PHÒNG ĐẠI DIỆN KAON GROUP CO., LTD TẠI THÀNH PHỐ HÀ NỘI",Thoả thuận,Hà Nội,2 năm
[DI9] Senior Java Developer - DXDB - SI - MSB - 3I120,https://www.topcv.vn/viec-lam/di9-senior-java-developer-dxdb-si-msb-3i120/1895737.html?ta_source=JobSearchList_LinkDetail&u_sr_id=oS3w78gHBKaYXdp5EXo0hToC5hmwAC2b1FF5zEUm_1759549996,ProNgân hàng TMCP Hàng Hải Việt Nam (MSB),"1,000 - 2,000 USD",Hà Nội,3 năm
Quản Lý Dự Án Phần Mềm - Project Manager (Software),https://www.topcv.vn/viec-lam/quan-ly-du-an-phan-mem-project-manager-software/1894070.html?ta_source=JobSearchList_LinkDetail&u_sr_id=oS3w78gHBKaYXdp5EXo0hToC5hmwAC2b1FF5zEUm_1759549996,Công ty TNHH Smartbooks,"Tới 1,500 USD",Hà Nội,2 năm
"Backend Engineer (Tuyển Nhiều Level, Mảng Blockchain)",https://www.topcv.vn/viec-lam/backend-engineer-tuyen-nhieu-level-mang-blockchain/1852001.html?ta_source=JobSearchList_LinkDetail&u_sr_id=oS3w78gHBKaYXdp5EXo0hToC5hmwAC2b1FF5zEUm_1759549996,CÔNG TY CỔ PHẦN 1MATRIX,Thoả thuận,Hà Nội,3 năm
Senior Game Designer,https://www.topcv.vn/viec-lam/senior-game-designer/1889254.html?ta_source=JobSearchList_LinkDetail&u_sr_id=oS3w78gHBKaYXdp5EXo0hToC5hmwAC2b1FF5zEUm_1759549996,Công ty TNHH Skylink Group,Thoả thuận,Hồ Chí Minh,4 năm
Nhân Viên Kinh Doanh Kỹ Thuật (Lương Cứng Upto 18 Triệu + % Hoa Hồng Cao),https://www.topcv.vn/viec-lam/nhan-vien-kinh-doanh-ky-thuat-luong-cung-upto-18-trieu-hoa-hong-cao/1882590.html?ta_source=JobSearchList_LinkDetail&u_sr_id=oS3w78gHBKaYXdp5EXo0hToC5hmwAC2b1FF5zEUm_1759549996,Công ty TNHH công nghệ thông minh ICOMTECK,Thoả thuận,Hà Nội,1 năm
Gameplay Developer (C++),https://www.topcv.vn/viec-lam/gameplay-developer-c/1889187.html?ta_source=JobSearchList_LinkDetail&u_sr_id=oS3w78gHBKaYXdp5EXo0hToC5hmwAC2b1FF5zEUm_1759549996,Công ty TNHH Gameloft,Thoả thuận,Hồ Chí Minh,1 năm
Nhân Viên Kinh Doanh Thị Trường/ Direct Sales Thu Nhập Từ 10 -15 Triệu,https://www.topcv.vn/viec-lam/nhan-vien-kinh-doanh-thi-truong-direct-sales-thu-nhap-tu-10-15-trieu/1892230.html?ta_source=JobSearchList_LinkDetail&u_sr_id=oS3w78gHBKaYXdp5EXo0hToC5hmwAC2b1FF5zEUm_1759549996,CÔNG TY TNHH FINAN,10 - 15 triệu,Hồ Chí Minh,Dưới 1 năm
Senior Fullstack Developer PHP- Lương Up To 30tr-Có 2 Năm Kinh Nghiệm- Đi Làm Ngay,https://www.topcv.vn/viec-lam/senior-fullstack-developer-php-luong-up-to-30tr-co-2-nam-kinh-nghiem-di-lam-ngay/1895797.html?ta_source=JobSearchList_LinkDetail&u_sr_id=oS3w78gHBKaYXdp5EXo0hToC5hmwAC2b1FF5zEUm_1759549996,CÔNG TY TNHH TOP TALENT,20 - 30 triệu,Đồng Nai,3 năm
Chuyên Viên Website (Website Executive) - Thu Nhập 12 -18 Triệu,https://www.topcv.vn/viec-lam/chuyen-vien-website-website-executive-thu-nhap-12-18-trieu/1893829.html?ta_source=JobSearchList_LinkDetail&u_sr_id=oS3w78gHBKaYXdp5EXo0hToC5hmwAC2b1FF5zEUm_1759549996,CÔNG TY TNHH CARBON BILLIARDS,12 - 18 triệu,Hà Nội,2 năm
"Lập Trình Viên Fullstack (Từ 3 Năm Kinh Nghiệm, Thu Nhập 700-1500 USD)",https://www.topcv.vn/viec-lam/lap-trinh-vien-fullstack-tu-3-nam-kinh-nghiem-thu-nhap-700-1500-usd/1886652.html?ta_source=JobSearchList_LinkDetail&u_sr_id=oS3w78gHBKaYXdp5EXo0hToC5hmwAC2b1FF5zEUm_1759549996,CÔNG TY CỔ PHẦN SMART - SOLUTIONS VIỆT NAM,"700 - 1,500 USD",Hà Nội,3 năm
Trưởng Nhóm Marketing (FullStack-Marketing Leader) Thu Nhập Từ 30 - 35 Triệu,https://www.topcv.vn/viec-lam/truong-nhom-marketing-fullstack-marketing-leader-thu-nhap-tu-30-35-trieu/1881282.html?ta_source=JobSearchList_LinkDetail&u_sr_id=oS3w78gHBKaYXdp5EXo0hToC5hmwAC2b1FF5zEUm_1759549996,CÔNG TY TNHH H2T WEFUN MEDIA,Từ 30 triệu,Hà Nội,2 năm
Junior Fullstack Developer PHP- Lương Up To 15tr-Có 2 Năm Kinh Nghiệm- Đi Làm Ngay,https://www.topcv.vn/viec-lam/junior-fullstack-developer-php-luong-up-to-15tr-co-2-nam-kinh-nghiem-di-lam-ngay/1895796.html?ta_source=JobSearchList_LinkDetail&u_sr_id=oS3w78gHBKaYXdp5EXo0hToC5hmwAC2b1FF5zEUm_1759549996,CÔNG TY TNHH TOP TALENT,12 - 15 triệu,Đồng Nai,2 năm
Project Manager,https://www.topcv.vn/viec-lam/project-manager/1894492.html?ta_source=JobSearchList_LinkDetail&u_sr_id=oS3w78gHBKaYXdp5EXo0hToC5hmwAC2b1FF5zEUm_1759549996,Công ty CP Công nghệ phần mềm và nội dung số OSP,Tới 35 triệu,Hà Nội,2 năm
Chuyên Viên Thiết Kế 3D (Lương Upto 20 Triệu/Tháng),https://www.topcv.vn/viec-lam/chuyen-vien-thiet-ke-3d-luong-upto-20-trieu-thang/1816511.html?ta_source=JobSearchList_LinkDetail&u_sr_id=oS3w78gHBKaYXdp5EXo0hToC5hmwAC2b1FF5zEUm_1759549996,CÔNG TY CỔ PHẦN CANZY VIỆT NAM,15 - 20 triệu,Hà Nội,2 năm
AI Automation Marketing,https://www.topcv.vn/viec-lam/ai-automation-marketing/1898150.html?ta_source=JobSearchList_LinkDetail&u_sr_id=oS3w78gHBKaYXdp5EXo0hToC5hmwAC2b1FF5zEUm_1759549996,Khối Công nghệ thông tin - Viettel Telecom,Thoả thuận,Hà Nội,Không yêu cầu
Nhân Viên Kinh Doanh / Cross Selling - Giải Pháp Kế Toán/Hóa Đơn Điện Tử/Chữ Ký Số MISA (Data Có Sẵn),https://www.topcv.vn/brand/congtycophanmisa/tuyen-dung/nhan-vien-kinh-doanh-cross-selling-giai-phap-ke-toan-hoa-don-dien-tu-chu-ky-so-misa-data-co-san-j1891061.html?ta_source=JobSearchList_LinkDetail&u_sr_id=oS3w78gHBKaYXdp5EXo0hToC5hmwAC2b1FF5zEUm_1759549996,ProCông ty Cổ phần MISA,20 - 30 triệu,Hà Nội,Dưới 1 năm
Nhân Viên Gán Nhãn Dữ Liệu Tiếng Anh (Cấp Độ C1)- Thu Nhập 12- 14 Triệu/ Tháng- Đi Làm Ngay,https://www.topcv.vn/viec-lam/nhan-vien-gan-nhan-du-lieu-tieng-anh-cap-do-c1-thu-nhap-12-14-trieu-thang-di-lam-ngay/1882692.html?ta_source=JobSearchList_LinkDetail&u_sr_id=oS3w78gHBKaYXdp5EXo0hToC5hmwAC2b1FF5zEUm_1759549996,CÔNG TY TNHH APPEN DATA TECHNOLOGY VIỆT NAM,12 - 14 triệu,Hà Nội,Không yêu cầu
"Flutter Mobile Apps Developer (Android, IOS)",https://www.topcv.vn/viec-lam/flutter-mobile-apps-developer-android-ios/1897703.html?ta_source=JobSearchList_LinkDetail&u_sr_id=oS3w78gHBKaYXdp5EXo0hToC5hmwAC2b1FF5zEUm_1759549996,Công ty Cổ phần Công nghệ Tài chính Goline,14 - 22 triệu,Hà Nội,2 năm
"Nhân Viên Kinh Doanh Phần Mềm/ Sales B2B/ Nhân Viên Tư Vấn, Thu Nhập 15 - 40 Triệu, Nghỉ T7 Và CN, Đi Làm Ngay - Hà Nội",https://www.topcv.vn/viec-lam/nhan-vien-kinh-doanh-phan-mem-sales-b2b-nhan-vien-tu-van-thu-nhap-15-40-trieu-nghi-t7-va-cn-di-lam-ngay-ha-noi/1882185.html?ta_source=JobSearchList_LinkDetail&u_sr_id=oS3w78gHBKaYXdp5EXo0hToC5hmwAC2b1FF5zEUm_1759549996,CÔNG TY TNHH CNV HOLDINGS,15 - 40 triệu,Hà Nội,Dưới 1 năm
Nhân Viên Kinh Doanh Dự Án B2B (IT/Telecom),https://www.topcv.vn/viec-lam/nhan-vien-kinh-doanh-du-an-b2b-it-telecom/1807589.html?ta_source=JobSearchList_LinkDetail&u_sr_id=oS3w78gHBKaYXdp5EXo0hToC5hmwAC2b1FF5zEUm_1759549996,ProCông Ty TNHH MTV Viễn Thông Quốc Tế FPT,Thoả thuận,"Hồ Chí Minh, Hà Nội",2 năm
"Backend Java Developer (Springboot, SQL, Eclipse RCP)",https://www.topcv.vn/viec-lam/backend-java-developer-springboot-sql-eclipse-rcp/1730867.html?ta_source=JobSearchList_LinkDetail&u_sr_id=oS3w78gHBKaYXdp5EXo0hToC5hmwAC2b1FF5zEUm_1759549996,Công Ty TNHH LG CNS VIỆT NAM,Thoả thuận,Hà Nội,3 năm
"Lập Trình Viên Front End (Front End Developer) - Thu Nhập Cao 35 Triệu, Làm Ngay Tại Quận 10",https://www.topcv.vn/viec-lam/lap-trinh-vien-front-end-front-end-developer-thu-nhap-cao-35-trieu-lam-ngay-tai-quan-10/1893843.html?ta_source=JobSearchList_LinkDetail&u_sr_id=oS3w78gHBKaYXdp5EXo0hToC5hmwAC2b1FF5zEUm_1759549996,CÔNG TY CỔ PHẦN ĐT & PT LIA BEAUTY,20 - 35 triệu,Hồ Chí Minh,3 năm
Chuyên Viên Kinh Doanh Giải Pháp Chuyển Đổi Số Khối Cơ Quan Nhà Nước - Thu Nhập Lên Tới 50 Triệu,https://www.topcv.vn/brand/congtycophanmisa/tuyen-dung/chuyen-vien-kinh-doanh-giai-phap-chuyen-doi-so-khoi-co-quan-nha-nuoc-thu-nhap-len-toi-50-trieu-j1898307.html?ta_source=JobSearchList_LinkDetail&u_sr_id=oS3w78gHBKaYXdp5EXo0hToC5hmwAC2b1FF5zEUm_1759549996,ProCông ty Cổ phần MISA,Tới 50 triệu,"Hà Nội, Hồ Chí Minh",Không yêu cầu
Nhân Viên Kinh Doanh Tư Vấn Phần Mềm Thu Nhập Từ 10 - 15 Triệu,https://www.topcv.vn/viec-lam/nhan-vien-kinh-doanh-tu-van-phan-mem-thu-nhap-tu-10-15-trieu/1892221.html?ta_source=JobSearchList_LinkDetail&u_sr_id=oS3w78gHBKaYXdp5EXo0hToC5hmwAC2b1FF5zEUm_1759549996,CÔNG TY TNHH FINAN,10 - 15 triệu,Hồ Chí Minh,Dưới 1 năm
Junior AI Engineer,https://www.topcv.vn/viec-lam/junior-ai-engineer/1899483.html?ta_source=JobSearchList_LinkDetail&u_sr_id=oS3w78gHBKaYXdp5EXo0hToC5hmwAC2b1FF5zEUm_1759549996,CÔNG TY TNHH ARBIN INSTRUMENTS VIỆT NAM,Thoả thuận,Bình Dương,1 năm
Power Platform Developer - Hà Nội/ Hồ Chí Minh - Upto 60.000.000,https://www.topcv.vn/viec-lam/power-platform-developer-ha-noi-ho-chi-minh-upto-60-000-000/1895275.html?ta_source=JobSearchList_LinkDetail&u_sr_id=oS3w78gHBKaYXdp5EXo0hToC5hmwAC2b1FF5zEUm_1759549996,Công ty cổ phần Công nghệ thông tin Phú Minh (Phú Minh Teck),Tới 60 triệu,"Hà Nội, Hồ Chí Minh",2 năm
Chuyên Viên Nhập Liệu Data (Data Entry) - Fresher,https://www.topcv.vn/viec-lam/chuyen-vien-nhap-lieu-data-data-entry-fresher/1829148.html?ta_source=JobSearchList_LinkDetail&u_sr_id=oS3w78gHBKaYXdp5EXo0hToC5hmwAC2b1FF5zEUm_1759549996,Công ty TNHH Esoft Vietnam,11 - 13 triệu,Hà Nội,Dưới 1 năm
Chuyên Viên Telesales - Lương Trung Bình Upto 20 Triệu Đến Không Giới Hạn - Bình Thạnh (TPHCM),https://www.topcv.vn/viec-lam/chuyen-vien-telesales-luong-trung-binh-upto-20-trieu-den-khong-gioi-han-binh-thanh-tphcm/1899875.html?ta_source=JobSearchList_LinkDetail&u_sr_id=oS3w78gHBKaYXdp5EXo0hToC5hmwAC2b1FF5zEUm_1759549996,Công Ty TNHH NASYS,10 - 20 triệu,Hồ Chí Minh,1 năm
Kỹ Thuật Viên Lập Trình Và Vận Hành Máy CNC (Lương 10 - 12 Triệu) Đi Làm Ngay Tại Hà Nội,https://www.topcv.vn/viec-lam/ky-thuat-vien-lap-trinh-va-van-hanh-may-cnc-luong-10-12-trieu-di-lam-ngay-tai-ha-noi/1867623.html?ta_source=JobSearchList_LinkDetail&u_sr_id=oS3w78gHBKaYXdp5EXo0hToC5hmwAC2b1FF5zEUm_1759549996,CÔNG TY TNHH SẢN XUẤT NỘI THẤT MINH PHÁT,10 - 12 triệu,Hà Nội,1 năm
3D Artist - Thành Thạo Và Có Kỹ Năng Nâng Cao Với 3Ds Max Và V-Ray - Khu Vực Đà Nẵng,https://www.topcv.vn/viec-lam/3d-artist-thanh-thao-va-co-ky-nang-nang-cao-voi-3ds-max-va-v-ray-khu-vuc-da-nang/1871340.html?ta_source=JobSearchList_LinkDetail&u_sr_id=oS3w78gHBKaYXdp5EXo0hToC5hmwAC2b1FF5zEUm_1759549996,CÔNG TY CỔ PHẦN VENO3DS PRODUCTION,15 - 25 triệu,Đà Nẵng,3 năm
Kỹ Sư Mạng/Network Engineer - Kinh Nghiệm 3 Năm Trở Lên,https://www.topcv.vn/viec-lam/ky-su-mang-network-engineer-kinh-nghiem-3-nam-tro-len/1873559.html?ta_source=JobSearchList_LinkDetail&u_sr_id=oS3w78gHBKaYXdp5EXo0hToC5hmwAC2b1FF5zEUm_1759549996,Công ty TNHH Hanyang Digitech Vina,Thoả thuận,Phú Thọ,3 năm
Kỹ Thuật Lập Trình / Programmer Engineer (PE) Thu Nhập Từ 10 Đến 15 Triệu + Phụ Cấp + Thưởng Dự Án/Doanh ThuTại Hà Nội,https://www.topcv.vn/viec-lam/ky-thuat-lap-trinh-programmer-engineer-pe-thu-nhap-tu-10-den-15-trieu-phu-cap-thuong-du-an-doanh-thutai-ha-noi/1874451.html?ta_source=JobSearchList_LinkDetail&u_sr_id=oS3w78gHBKaYXdp5EXo0hToC5hmwAC2b1FF5zEUm_1759549996,Công ty Cổ phần AVPlus,10 - 15 triệu,Hà Nội,1 năm
"Nhân Viên Kinh Doanh Giải Pháp CNTT, Sales, Tư Vấn (Lương Cứng Từ 12 Triệu, Thu Nhập 20-50 Triệu+Thưởng)",https://www.topcv.vn/viec-lam/nhan-vien-kinh-doanh-giai-phap-cntt-sales-tu-van-luong-cung-tu-12-trieu-thu-nhap-20-50-trieu-thuong/1872132.html?ta_source=JobSearchList_LinkDetail&u_sr_id=oS3w78gHBKaYXdp5EXo0hToC5hmwAC2b1FF5zEUm_1759549996,Công ty Cổ phần Chứng thực số Toàn Cầu Việt Nam,20 - 50 triệu,Hà Nội,1 năm
Chuyên Viên An Toàn Thông Tin - Từ 2 Năm Kinh Nghiệm -  Đãi Ngộ Hấp Dẫn - Tại Hà Nội,https://www.topcv.vn/viec-lam/chuyen-vien-an-toan-thong-tin-tu-2-nam-kinh-nghiem-dai-ngo-hap-dan-tai-ha-noi/1830699.html?ta_source=JobSearchList_LinkDetail&u_sr_id=oS3w78gHBKaYXdp5EXo0hToC5hmwAC2b1FF5zEUm_1759549996,CÔNG TY TNHH DỊCH VỤ SỐ DIGILIFE VIỆT NAM,Thoả thuận,Hà Nội,2 năm
Quản Lý Dự Án (Yêu Cầu Biết Tiếng Hàn) - Lương Upto 30 Triệu/Tháng,https://www.topcv.vn/viec-lam/quan-ly-du-an-yeu-cau-biet-tieng-han-luong-upto-30-trieu-thang/1868249.html?ta_source=JobSearchList_LinkDetail&u_sr_id=oS3w78gHBKaYXdp5EXo0hToC5hmwAC2b1FF5zEUm_1759549996,CÔNG TY TNHH GKBEAUTY,20 - 30 triệu,Hồ Chí Minh,Không yêu cầu
"Automotive-Component Test Engineer (Tuyển Ứng Viên Nam, Trên 2 Năm Kinh Nghiệm Tester Automotive, MHU - Manual Test, ASPICE/AUTOSAR, Làm Việc Tại Long Biên-Hà Nội)",https://www.topcv.vn/viec-lam/automotive-component-test-engineer-tuyen-ung-vien-nam-tren-2-nam-kinh-nghiem-tester-automotive-mhu-manual-test-aspice-autosar-lam-viec-tai-long-bien-ha-noi/1697549.html?ta_source=JobSearchList_LinkDetail&u_sr_id=oS3w78gHBKaYXdp5EXo0hToC5hmwAC2b1FF5zEUm_1759549996,Công ty TNHH Vietsol,Thoả thuận,Hà Nội,2 năm
Kỹ Sư Trưởng Dự Án AI,https://www.topcv.vn/viec-lam/ky-su-truong-du-an-ai/1861433.html?ta_source=JobSearchList_LinkDetail&u_sr_id=oS3w78gHBKaYXdp5EXo0hToC5hmwAC2b1FF5zEUm_1759549996,CÔNG TY CỔ PHẦN ĐẦU TƯ PHÁT TRIỂN GIANG THÀNH,35 - 60 triệu,"Hồ Chí Minh, Hà Nội",5 năm
"Senior Java Engineer (Java 17, Java 21)",https://www.topcv.vn/viec-lam/senior-java-engineer-java-17-java-21/1899520.html?ta_source=JobSearchList_LinkDetail&u_sr_id=oS3w78gHBKaYXdp5EXo0hToC5hmwAC2b1FF5zEUm_1759549996,Công ty Cổ Phần Galaxy Technology Services,Thoả thuận,Hồ Chí Minh,5 năm
Senior Java Developer (Mảng Fintech) Thu Nhập Từ 30 - 45 Triệu,https://www.topcv.vn/viec-lam/senior-java-developer-mang-fintech-thu-nhap-tu-30-45-trieu/1560857.html?ta_source=JobSearchList_LinkDetail&u_sr_id=4EhhRhiH4H2fYrQed5gtnipdscjUXElSF1JMDHpz_1759550003,Công ty Cổ phần Funtap,30 - 45 triệu,Hà Nội,4 năm
Fullstack Developer (Java Spring Boot + ReactJS),https://www.topcv.vn/viec-lam/fullstack-developer-java-spring-boot-reactjs/1843702.html?ta_source=JobSearchList_LinkDetail&u_sr_id=4EhhRhiH4H2fYrQed5gtnipdscjUXElSF1JMDHpz_1759550003,ProFPT IS,Thoả thuận,Hà Nội,2 năm
Java Fullstack (Springboot + Vuejs) Max 25 Net,https://www.topcv.vn/viec-lam/java-fullstack-springboot-vuejs-max-25-net/1900112.html?ta_source=JobSearchList_LinkDetail&u_sr_id=4EhhRhiH4H2fYrQed5gtnipdscjUXElSF1JMDHpz_1759550003,Công ty Cổ phần Đầu tư Phát triển Công nghệ và Truyền thông,13 - 25 triệu,Hà Nội,2 năm
Lập Trình Viên FRONT-END Developer Full Time,https://www.topcv.vn/viec-lam/lap-trinh-vien-front-end-developer-full-time/1900340.html?ta_source=JobSearchList_LinkDetail&u_sr_id=4EhhRhiH4H2fYrQed5gtnipdscjUXElSF1JMDHpz_1759550003,CÔNG TY TNHH PHỤ TÙNG Ô TÔ VC PART,20 - 24 triệu,Hà Nội,2 năm
Cocos Developer,https://www.topcv.vn/viec-lam/cocos-developer/1896447.html?ta_source=JobSearchList_LinkDetail&u_sr_id=4EhhRhiH4H2fYrQed5gtnipdscjUXElSF1JMDHpz_1759550003,CÔNG TY TNHH CÔNG NGHỆ HAY HAY GLOBAL,10 - 25 triệu,Hà Nội,Dưới 1 năm
Kỹ Sư Tự Động Hoá (Thiết Kế Điện & Lập Trình PLC) - Thu Nhập 15 - 20 Triệu,https://www.topcv.vn/viec-lam/ky-su-tu-dong-hoa-thiet-ke-dien-lap-trinh-plc-thu-nhap-15-20-trieu/1884018.html?ta_source=JobSearchList_LinkDetail&u_sr_id=4EhhRhiH4H2fYrQed5gtnipdscjUXElSF1JMDHpz_1759550003,Công ty TNHH YJ Link Vina,15 - 20 triệu,Hải Phòng,2 năm
"Team Lead - Kỹ Sư Phần Mềm Nhúng Phần Mềm Thiết Bị Y Tế (Hệ Điều Hành Thời Gian Thực , Phát Triển UI)",https://www.topcv.vn/viec-lam/team-lead-ky-su-phan-mem-nhung-phan-mem-thiet-bi-y-te-he-dieu-hanh-thoi-gian-thuc-phat-trien-ui/1889505.html?ta_source=JobSearchList_LinkDetail&u_sr_id=4EhhRhiH4H2fYrQed5gtnipdscjUXElSF1JMDHpz_1759550003,CTY TNHH R TECHNO VIỆT NAM,46 - 57.5 triệu,Hồ Chí Minh,5 năm
Junior Flutter Developer - Mobile App,https://www.topcv.vn/viec-lam/junior-flutter-developer-mobile-app/1883392.html?ta_source=JobSearchList_LinkDetail&u_sr_id=4EhhRhiH4H2fYrQed5gtnipdscjUXElSF1JMDHpz_1759550003,CÔNG TY CỔ PHẦN CÔNG NGHỆ VÀ TRUYỀN THÔNG NETVIET,10 - 17 triệu,Hà Nội,2 năm
Data Engineer (DA),https://www.topcv.vn/viec-lam/data-engineer-da/1821003.html?ta_source=JobSearchList_LinkDetail&u_sr_id=4EhhRhiH4H2fYrQed5gtnipdscjUXElSF1JMDHpz_1759550003,Công Ty TNHH LG CNS VIỆT NAM,Thoả thuận,Hà Nội,3 năm
Data Engineer (3 Năm Kinh Nghiệm Trở Lên),https://www.topcv.vn/viec-lam/data-engineer-3-nam-kinh-nghiem-tro-len/1895336.html?ta_source=JobSearchList_LinkDetail&u_sr_id=4EhhRhiH4H2fYrQed5gtnipdscjUXElSF1JMDHpz_1759550003,CÔNG TY TNHH BEYONDSOFT TECHNOLOGY (VIETNAM),"1,300 - 1,900 USD",Hồ Chí Minh,3 năm
Product Designer,https://www.topcv.vn/viec-lam/product-designer/1898738.html?ta_source=JobSearchList_LinkDetail&u_sr_id=4EhhRhiH4H2fYrQed5gtnipdscjUXElSF1JMDHpz_1759550003,CÔNG TY CP CÔNG NGHỆ GIÁO DỤC TRƯỜNG HỌC TRỰC TUYẾN - ONSCHOOL,15 - 20 triệu,Hồ Chí Minh,2 năm
Business Analyst (Giải Pháp Nhân Sự Tiền Lương),https://www.topcv.vn/viec-lam/business-analyst-giai-phap-nhan-su-tien-luong/1418016.html?ta_source=JobSearchList_LinkDetail&u_sr_id=4EhhRhiH4H2fYrQed5gtnipdscjUXElSF1JMDHpz_1759550003,ProFPT IS,Thoả thuận,Hà Nội,2 năm
Nhân Viên Business Analyst,https://www.topcv.vn/viec-lam/nhan-vien-business-analyst/1888495.html?ta_source=JobSearchList_LinkDetail&u_sr_id=4EhhRhiH4H2fYrQed5gtnipdscjUXElSF1JMDHpz_1759550003,CÔNG TY CỔ PHẦN ĐẦU TƯ PHÁT TRIỂN SKY CORPORATION,"Tới 1,500 USD",Hà Nội,3 năm
Nhân Viên Thiết Kế Bảng Biển Quảng Cáo,https://www.topcv.vn/viec-lam/nhan-vien-thiet-ke-bang-bien-quang-cao/1755443.html?ta_source=JobSearchList_LinkDetail&u_sr_id=4EhhRhiH4H2fYrQed5gtnipdscjUXElSF1JMDHpz_1759550003,Công ty CP Đầu tư & Phát triển Phú Hưng,12 - 15 triệu,Hà Nội,1 năm
Chuyên Viên Thiết Kế & Dựng Video Mảng BĐS - Ưu Tiên Nam - Thu Nhập Từ 12-18tr,https://www.topcv.vn/viec-lam/chuyen-vien-thiet-ke-dung-video-mang-bds-uu-tien-nam-thu-nhap-tu-12-18tr/1897288.html?ta_source=JobSearchList_LinkDetail&u_sr_id=4EhhRhiH4H2fYrQed5gtnipdscjUXElSF1JMDHpz_1759550003,CÔNG TY CỔ PHẦN THƯƠNG MẠI CAVITACO,12 - 18 triệu,Hà Nội,1 năm
Senior Android Developer (Kotlin/Java),https://www.topcv.vn/viec-lam/senior-android-developer-kotlin-java/1601507.html?ta_source=JobSearchList_LinkDetail&u_sr_id=4EhhRhiH4H2fYrQed5gtnipdscjUXElSF1JMDHpz_1759550003,CÔNG TY TNHH PHẦN MỀM TOWER HÀ NỘI,Thoả thuận,Hà Nội,2 năm
N2/N1 JLPT Business Analyst - Entry Level,https://www.topcv.vn/viec-lam/n2-n1-jlpt-business-analyst-entry-level/1899629.html?ta_source=JobSearchList_LinkDetail&u_sr_id=4EhhRhiH4H2fYrQed5gtnipdscjUXElSF1JMDHpz_1759550003,CÔNG TY TNHH CONARUM VIỆT NAM,Thoả thuận,Hồ Chí Minh,Không yêu cầu
UX/UI Designer - HaraSocial,https://www.topcv.vn/viec-lam/ux-ui-designer-harasocial/1899370.html?ta_source=JobSearchList_LinkDetail&u_sr_id=4EhhRhiH4H2fYrQed5gtnipdscjUXElSF1JMDHpz_1759550003,Công ty cổ phần Công nghệ Haravan,Thoả thuận,Hồ Chí Minh,2 năm
Business Analyst (Charging Station System),https://www.topcv.vn/viec-lam/business-analyst-charging-station-system/1900411.html?ta_source=JobSearchList_LinkDetail&u_sr_id=4EhhRhiH4H2fYrQed5gtnipdscjUXElSF1JMDHpz_1759550003,CÔNG TY CỔ PHẦN PHÁT TRIỂN TRẠM SẠC TOÀN CẦU V-GREEN,Thoả thuận,Hà Nội,2 năm
NodeJs Backend Developer,https://www.topcv.vn/viec-lam/nodejs-backend-developer/1584331.html?ta_source=JobSearchList_LinkDetail&u_sr_id=4EhhRhiH4H2fYrQed5gtnipdscjUXElSF1JMDHpz_1759550003,CÔNG TY CỔ PHẦN GIẢI PHÁP CÔNG NGHỆ ZENIFY,25 - 35 triệu,Hà Nội,4 năm
SAP SuccessFactors Consultant,https://www.topcv.vn/viec-lam/sap-successfactors-consultant/1727713.html?ta_source=JobSearchList_LinkDetail&u_sr_id=4EhhRhiH4H2fYrQed5gtnipdscjUXElSF1JMDHpz_1759550003,Công Ty TNHH LG CNS VIỆT NAM,Thoả thuận,Hà Nội,2 năm
Leader QA Biết Tiếng Nhật,https://www.topcv.vn/viec-lam/leader-qa-biet-tieng-nhat/1897722.html?ta_source=JobSearchList_LinkDetail&u_sr_id=4EhhRhiH4H2fYrQed5gtnipdscjUXElSF1JMDHpz_1759550003,CÔNG TY TNHH CÔNG NGHỆ AMCOLAB,12 - 20 triệu,Hà Nội,2 năm
"Unity Game Developer / Thu Nhập Đến 25 Triệu / Quận 2, Hồ Chí Minh",https://www.topcv.vn/viec-lam/unity-game-developer-thu-nhap-den-25-trieu-quan-2-ho-chi-minh/1662457.html?ta_source=JobSearchList_LinkDetail&u_sr_id=4EhhRhiH4H2fYrQed5gtnipdscjUXElSF1JMDHpz_1759550003,CÔNG TY TNHH SENSPARK,12 - 25 triệu,Hồ Chí Minh,2 năm
Chuyên Viên Đảm Bảo Chất Lượng Dịch Vụ Công Nghệ Thông Tin - Quality Assurance - Khối Công Nghệ Thông Tin (HO25.419),https://www.topcv.vn/brand/nganhangthuongmaicophanquandoi/tuyen-dung/chuyen-vien-dam-bao-chat-luong-dich-vu-cong-nghe-thong-tin-quality-assurance-khoi-cong-nghe-thong-tin-ho25-419-j1899260.html?ta_source=JobSearchList_LinkDetail&u_sr_id=4EhhRhiH4H2fYrQed5gtnipdscjUXElSF1JMDHpz_1759550003,ProNGÂN HÀNG TMCP QUÂN ĐỘI – MBBANK,Thoả thuận,Hà Nội,3 năm
"Senior Fullstack Developer-(ReactJs, NodeJs) Hybrid Working",https://www.topcv.vn/viec-lam/senior-fullstack-developer-reactjs-nodejs-hybrid-working/1899546.html?ta_source=JobSearchList_LinkDetail&u_sr_id=4EhhRhiH4H2fYrQed5gtnipdscjUXElSF1JMDHpz_1759550003,CÔNG TY TNHH THƯƠNG MẠI DỊCH VỤ VEXERE,Thoả thuận,Hồ Chí Minh,3 năm
UI UX Lead,https://www.topcv.vn/viec-lam/ui-ux-lead/1892977.html?ta_source=JobSearchList_LinkDetail&u_sr_id=4EhhRhiH4H2fYrQed5gtnipdscjUXElSF1JMDHpz_1759550003,Niteco,Thoả thuận,Hà Nội,Trên 5 năm
Talent BrSE/Kỹ Sư Cầu Nối Tài Năng (Lương Từ 15 - 25 Triệu),https://www.topcv.vn/viec-lam/talent-brse-ky-su-cau-noi-tai-nang-luong-tu-15-25-trieu/1882436.html?ta_source=JobSearchList_LinkDetail&u_sr_id=4EhhRhiH4H2fYrQed5gtnipdscjUXElSF1JMDHpz_1759550003,CÔNG TY CỔ PHẦN PHẦN MỀM LUVINA,15 - 25 triệu,Hà Nội,Không yêu cầu
Nhân Viên Lập Trình Và Setup Phay CNC - Mastercam,https://www.topcv.vn/viec-lam/nhan-vien-lap-trinh-va-setup-phay-cnc-mastercam/1806764.html?ta_source=JobSearchList_LinkDetail&u_sr_id=4EhhRhiH4H2fYrQed5gtnipdscjUXElSF1JMDHpz_1759550003,CÔNG TY TNHH CTI VN,15 - 25 triệu,Hồ Chí Minh,1 năm
Senior Product Designer,https://www.topcv.vn/viec-lam/senior-product-designer/1831115.html?ta_source=JobSearchList_LinkDetail&u_sr_id=4EhhRhiH4H2fYrQed5gtnipdscjUXElSF1JMDHpz_1759550003,Công ty TNHH Dịch vụ công nghệ TP,Thoả thuận,Hà Nội,3 năm
Python Developer,https://www.topcv.vn/viec-lam/python-developer/1897841.html?ta_source=JobSearchList_LinkDetail&u_sr_id=4EhhRhiH4H2fYrQed5gtnipdscjUXElSF1JMDHpz_1759550003,ProCÔNG TY TNHH SAMSUNG SDS VIỆT NAM,Thoả thuận,Hà Nội,Trên 5 năm
Senior/Lead NodeJS Backend Developer,https://www.topcv.vn/viec-lam/senior-lead-nodejs-backend-developer/1343931.html?ta_source=JobSearchList_LinkDetail&u_sr_id=4EhhRhiH4H2fYrQed5gtnipdscjUXElSF1JMDHpz_1759550003,CÔNG TY CỔ PHẦN CÔNG NGHỆ FINVIET,Tới 45 triệu,Hồ Chí Minh,Trên 5 năm
Thực Tập Sinh Tư Vấn Triển Khai Phần Mềm,https://www.topcv.vn/viec-lam/thuc-tap-sinh-tu-van-trien-khai-phan-mem/1897578.html?ta_source=JobSearchList_LinkDetail&u_sr_id=4EhhRhiH4H2fYrQed5gtnipdscjUXElSF1JMDHpz_1759550003,"Nina Co.,Ltd",4 - 20 triệu,Hồ Chí Minh,Không yêu cầu
.NET Developer - KV FnB,https://www.topcv.vn/viec-lam/net-developer-kv-fnb/1895722.html?ta_source=JobSearchList_LinkDetail&u_sr_id=4EhhRhiH4H2fYrQed5gtnipdscjUXElSF1JMDHpz_1759550003,Công ty Cổ phần Công nghệ KiotViet,20 - 40 triệu,Hà Nội,3 năm
AI Engineer (LLM/NLP) Từ 2 Năm Kinh Nghiệm,https://www.topcv.vn/viec-lam/ai-engineer-llm-nlp-tu-2-nam-kinh-nghiem/1899054.html?ta_source=JobSearchList_LinkDetail&u_sr_id=4EhhRhiH4H2fYrQed5gtnipdscjUXElSF1JMDHpz_1759550003,ProCông ty Cổ phần Đầu tư và Công nghệ HTI,Thoả thuận,Hà Nội,2 năm
User Acquisition Marketing (Mobile App) Upto 30 Triệu,https://www.topcv.vn/viec-lam/user-acquisition-marketing-mobile-app-upto-30-trieu/1893429.html?ta_source=JobSearchList_LinkDetail&u_sr_id=4EhhRhiH4H2fYrQed5gtnipdscjUXElSF1JMDHpz_1759550003,CÔNG TY CỔ PHẦN CÔNG NGHỆ ORECA,Thoả thuận,Hà Nội,1 năm
Nhân Viên Kinh Doanh Phần Mềm Quản Lý Tin Nhắn Zalo - Thu Nhập Hấp Dẫn - Tại Hà Nội,https://www.topcv.vn/viec-lam/nhan-vien-kinh-doanh-phan-mem-quan-ly-tin-nhan-zalo-thu-nhap-hap-dan-tai-ha-noi/1835011.html?ta_source=JobSearchList_LinkDetail&u_sr_id=4EhhRhiH4H2fYrQed5gtnipdscjUXElSF1JMDHpz_1759550003,Công ty cổ phần tập đoàn Media Soft,Thoả thuận,Hà Nội,Dưới 1 năm
Product Owner- Sản Phẩm AI Edtech,https://www.topcv.vn/viec-lam/product-owner-san-pham-ai-edtech/1899053.html?ta_source=JobSearchList_LinkDetail&u_sr_id=4EhhRhiH4H2fYrQed5gtnipdscjUXElSF1JMDHpz_1759550003,Babilala - Ứng dụng Tiếng Anh Online cho trẻ em tăng trưởng bậc nhất Đông Nam Á,30 - 40 triệu,Hà Nội,2 năm
Senior Odoo Developer,https://www.topcv.vn/viec-lam/senior-odoo-developer/1894145.html?ta_source=JobSearchList_LinkDetail&u_sr_id=4EhhRhiH4H2fYrQed5gtnipdscjUXElSF1JMDHpz_1759550003,Công ty Cổ phần Giải pháp Công nghệ TTC Việt Nam,Tới 40 triệu,Hà Nội,4 năm
".NET Developer (Product, Microservice)",https://www.topcv.vn/viec-lam/net-developer-product-microservice/1898752.html?ta_source=JobSearchList_LinkDetail&u_sr_id=4EhhRhiH4H2fYrQed5gtnipdscjUXElSF1JMDHpz_1759550003,Công ty Cổ phần Công nghệ KiotViet,20 - 35 triệu,Hà Nội,3 năm
Điều Phối Dự Án IT (Thu Nhập 12-18 Triệu/Tháng),https://www.topcv.vn/viec-lam/dieu-phoi-du-an-it-thu-nhap-12-18-trieu-thang/1759386.html?ta_source=JobSearchList_LinkDetail&u_sr_id=4EhhRhiH4H2fYrQed5gtnipdscjUXElSF1JMDHpz_1759550003,Công ty Cổ phần Giải pháp Công nghệ FANXIPAN Việt Nam,12 - 18 triệu,Hà Nội,2 năm
Chuyên Viên Thiết Kế / Designer,https://www.topcv.vn/viec-lam/chuyen-vien-thiet-ke-designer/1894812.html?ta_source=JobSearchList_LinkDetail&u_sr_id=4EhhRhiH4H2fYrQed5gtnipdscjUXElSF1JMDHpz_1759550003,CÔNG TY TNHH GIẢI PHÁP 1ON,10 - 12 triệu,Hồ Chí Minh,1 năm
Business Analyst,https://www.topcv.vn/viec-lam/business-analyst/1603539.html?ta_source=JobSearchList_LinkDetail&u_sr_id=4EhhRhiH4H2fYrQed5gtnipdscjUXElSF1JMDHpz_1759550003,ProFPT IS,Thoả thuận,Hồ Chí Minh,3 năm
Data Scientist,https://www.topcv.vn/viec-lam/data-scientist/1900027.html?ta_source=JobSearchList_LinkDetail&u_sr_id=4EhhRhiH4H2fYrQed5gtnipdscjUXElSF1JMDHpz_1759550003,Công ty Cổ phần JVB Việt Nam,15 - 25 triệu,Hà Nội,2 năm
Kỹ Sư Xử Lý Hình Ảnh Và Dữ Liệu Không Gian,https://www.topcv.vn/viec-lam/ky-su-xu-ly-hinh-anh-va-du-lieu-khong-gian/1899956.html?ta_source=JobSearchList_LinkDetail&u_sr_id=4EhhRhiH4H2fYrQed5gtnipdscjUXElSF1JMDHpz_1759550003,Công ty Cổ phần Tập đoàn OSB,Thoả thuận,Hà Nội,1 năm
Server Developer (C Language),https://www.topcv.vn/viec-lam/server-developer-c-language/1690802.html?ta_source=JobSearchList_LinkDetail&u_sr_id=4EhhRhiH4H2fYrQed5gtnipdscjUXElSF1JMDHpz_1759550003,CÔNG TY TNHH DAOUKIWOOM INNOVATION,22 - 45 triệu,Hồ Chí Minh,3 năm
Customer Relations (Real Estate Developer)/ Chăm Sóc Khách Hàng,https://www.topcv.vn/viec-lam/customer-relations-real-estate-developer-cham-soc-khach-hang/1897547.html?ta_source=JobSearchList_LinkDetail&u_sr_id=4EhhRhiH4H2fYrQed5gtnipdscjUXElSF1JMDHpz_1759550003,Công ty Cổ phần SetiaBecamex,10 - 15 triệu,Bình Dương,3 năm
Chuyên Viên Kinh Doanh Khách Hàng Doanh Nghiệp Lớn,https://www.topcv.vn/viec-lam/chuyen-vien-kinh-doanh-khach-hang-doanh-nghiep-lon/1888049.html?ta_source=JobSearchList_LinkDetail&u_sr_id=4EhhRhiH4H2fYrQed5gtnipdscjUXElSF1JMDHpz_1759550003,ProCông Ty Cổ Phần Đầu Tư Thương Mại Và Phát Triển Công Nghệ FSI,Thoả thuận,Hà Nội,3 năm
Software Engineer (Python/Backend) - Đi Làm Ngay Tại Bình Dương,https://www.topcv.vn/viec-lam/software-engineer-python-backend-di-lam-ngay-tai-binh-duong/1893772.html?ta_source=JobSearchList_LinkDetail&u_sr_id=4EhhRhiH4H2fYrQed5gtnipdscjUXElSF1JMDHpz_1759550003,Công ty Tnhh Tribeco Bình Dương,Thoả thuận,Bình Dương,3 năm
Senior/Middle Golang Developer,https://www.topcv.vn/viec-lam/senior-middle-golang-developer/1891907.html?ta_source=JobSearchList_LinkDetail&u_sr_id=4EhhRhiH4H2fYrQed5gtnipdscjUXElSF1JMDHpz_1759550003,ProCÔNG TY CỔ PHẦN CÔNG NGHỆ VI MÔ,18 - 35 triệu,Hà Nội,3 năm
Graphic Designer (Từ 1 Năm Kinh Nghiệm) 11 - 15 Triệu/Tháng,https://www.topcv.vn/brand/edutalkvn/tuyen-dung/graphic-designer-tu-1-nam-kinh-nghiem-11-15-trieu-thang-j1859596.html?ta_source=JobSearchList_LinkDetail&u_sr_id=4EhhRhiH4H2fYrQed5gtnipdscjUXElSF1JMDHpz_1759550003,CÔNG TY CỔ PHẦN TƯ VẤN ĐÁNH GIÁ VÀ PHÁT TRIỂN GIÁO DỤC EDUTALK,11 - 15 triệu,Hà Nội,1 năm
"Product Manager/Product Owner (SaaS, ERP)",https://www.topcv.vn/brand/congtycophanmisa/tuyen-dung/product-manager-product-owner-saas-erp-j1895241.html?ta_source=JobSearchList_LinkDetail&u_sr_id=OWFjZsRKAQncDoCDoIzhrTc8RmfYX35KjRhmF04p_1759550010,ProCông ty Cổ phần MISA,Thoả thuận,Hà Nội,1 năm
Nhân Viên Kinh Doanh - Kinh Nghiệm 2 Năm - Khu Vực Đà Nẵng,https://www.topcv.vn/viec-lam/nhan-vien-kinh-doanh-kinh-nghiem-2-nam-khu-vuc-da-nang/1882367.html?ta_source=JobSearchList_LinkDetail&u_sr_id=OWFjZsRKAQncDoCDoIzhrTc8RmfYX35KjRhmF04p_1759550010,Công Ty TNHH Giải Pháp Kết Nối,Thoả thuận,Đà Nẵng,2 năm
Chuyên Viên Phân Tích Dữ Liệu - Senior Business Analyst (Mảng Tài Chính - Ngân Hàng) - 4 Năm Kinh Nghiệm - Thu Nhập Lên Đến 50M++,https://www.topcv.vn/viec-lam/chuyen-vien-phan-tich-du-lieu-senior-business-analyst-mang-tai-chinh-ngan-hang-4-nam-kinh-nghiem-thu-nhap-len-den-50m/1874434.html?ta_source=JobSearchList_LinkDetail&u_sr_id=OWFjZsRKAQncDoCDoIzhrTc8RmfYX35KjRhmF04p_1759550010,Công ty Cổ Phần Giải Pháp Quản Lý SSG,30 - 50 triệu,Hà Nội,4 năm
Nhân Viên Quản Trị Hệ Thống Thông Tin,https://www.topcv.vn/viec-lam/nhan-vien-quan-tri-he-thong-thong-tin/1153243.html?ta_source=JobSearchList_LinkDetail&u_sr_id=OWFjZsRKAQncDoCDoIzhrTc8RmfYX35KjRhmF04p_1759550010,CÔNG TY CỔ PHẦN CÔNG NGHỆ VCS VIỆT NAM,Thoả thuận,Hà Nội,3 năm
Project Manager Officer (Quản Lý Dự Án) - Tại Hồ Chí Minh,https://www.topcv.vn/viec-lam/project-manager-officer-quan-ly-du-an-tai-ho-chi-minh/1887789.html?ta_source=JobSearchList_LinkDetail&u_sr_id=OWFjZsRKAQncDoCDoIzhrTc8RmfYX35KjRhmF04p_1759550010,CÔNG TY TNHH THANKSLAB VIỆT NAM,Thoả thuận,Hồ Chí Minh,5 năm
Business Analyst Leader (DMS Domain),https://www.topcv.vn/viec-lam/business-analyst-leader-dms-domain/1863288.html?ta_source=JobSearchList_LinkDetail&u_sr_id=OWFjZsRKAQncDoCDoIzhrTc8RmfYX35KjRhmF04p_1759550010,Công ty TNHH HQSOFT,Tới 40 triệu,Hồ Chí Minh,Trên 5 năm
Embedded Software Engineer (1 Year Contractor),https://www.topcv.vn/viec-lam/embedded-software-engineer-1-year-contractor/1886733.html?ta_source=JobSearchList_LinkDetail&u_sr_id=OWFjZsRKAQncDoCDoIzhrTc8RmfYX35KjRhmF04p_1759550010,CÔNG TY TNHH BOSCH GLOBAL SOFTWARE TECHNOLOGIES,Thoả thuận,Hồ Chí Minh,3 năm
Senior SAP MM Consultant (HCM/Hanoi),https://www.topcv.vn/viec-lam/senior-sap-mm-consultant-hcm-hanoi/1884093.html?ta_source=JobSearchList_LinkDetail&u_sr_id=OWFjZsRKAQncDoCDoIzhrTc8RmfYX35KjRhmF04p_1759550010,CÔNG TY TNHH BOSCH GLOBAL SOFTWARE TECHNOLOGIES,Thoả thuận,"Hồ Chí Minh, Hà Nội",5 năm
BI Developer (OAS/OBIEE),https://www.topcv.vn/viec-lam/bi-developer-oas-obiee/1832070.html?ta_source=JobSearchList_LinkDetail&u_sr_id=OWFjZsRKAQncDoCDoIzhrTc8RmfYX35KjRhmF04p_1759550010,ProFPT IS,Thoả thuận,Hà Nội,2 năm
Data Engineer (Kỹ Sư Dữ Liệu),https://www.topcv.vn/brand/educa/tuyen-dung/data-engineer-ky-su-du-lieu-j1885454.html?ta_source=JobSearchList_LinkDetail&u_sr_id=OWFjZsRKAQncDoCDoIzhrTc8RmfYX35KjRhmF04p_1759550010,EDUPIA,Tới 30 triệu,Hà Nội,3 năm
"Senior Software Engineer (Java, Angular) Upto 50M",https://www.topcv.vn/viec-lam/senior-software-engineer-java-angular-upto-50m/1855499.html?ta_source=JobSearchList_LinkDetail&u_sr_id=OWFjZsRKAQncDoCDoIzhrTc8RmfYX35KjRhmF04p_1759550010,CÔNG TY TNHH CNV HOLDINGS,30 - 50 triệu,Hồ Chí Minh,5 năm
Manual Tester (Có Tiếng Nhật),https://www.topcv.vn/viec-lam/manual-tester-co-tieng-nhat/1854122.html?ta_source=JobSearchList_LinkDetail&u_sr_id=OWFjZsRKAQncDoCDoIzhrTc8RmfYX35KjRhmF04p_1759550010,Công ty Cổ phần JVB Việt Nam,Tới 30 triệu,Hà Nội,1 năm
"Embedded Software Developer For AI App (Ít Nhất 1 Năm Kinh Nghiệm, Ko Nhận Fresher, C/C++, Python, Shell Script)",https://www.topcv.vn/viec-lam/embedded-software-developer-for-ai-app-it-nhat-1-nam-kinh-nghiem-ko-nhan-fresher-c-c-python-shell-script/1557688.html?ta_source=JobSearchList_LinkDetail&u_sr_id=OWFjZsRKAQncDoCDoIzhrTc8RmfYX35KjRhmF04p_1759550010,Công ty TNHH Vietsol,Thoả thuận,Hà Nội,1 năm
"Senior QA (3 Năm Kinh Nghiệm, Đi Làm Ngay)",https://www.topcv.vn/viec-lam/senior-qa-3-nam-kinh-nghiem-di-lam-ngay/1889276.html?ta_source=JobSearchList_LinkDetail&u_sr_id=OWFjZsRKAQncDoCDoIzhrTc8RmfYX35KjRhmF04p_1759550010,CÔNG TY CỔ PHẦN CÔNG NGHỆ DCORP,Thoả thuận,Hồ Chí Minh,3 năm
Nhân Viên Tư Vấn Website - Không Yêu Cầu Kinh Nghiệm,https://www.topcv.vn/viec-lam/nhan-vien-tu-van-website-khong-yeu-cau-kinh-nghiem/28632.html?ta_source=JobSearchList_LinkDetail&u_sr_id=OWFjZsRKAQncDoCDoIzhrTc8RmfYX35KjRhmF04p_1759550010,Công ty TNHH Thương Mại Và Dịch Vụ Nina,8.5 - 32.5 triệu,Hồ Chí Minh,Không yêu cầu
Chuyên Viên Cao Cấp An Toàn Thông Tin,https://www.topcv.vn/viec-lam/chuyen-vien-cao-cap-an-toan-thong-tin/1841975.html?ta_source=JobSearchList_LinkDetail&u_sr_id=OWFjZsRKAQncDoCDoIzhrTc8RmfYX35KjRhmF04p_1759550010,CÔNG TY CỔ PHẦN CHỨNG KHOÁN DẦU KHÍ (PSI),Thoả thuận,Hà Nội,3 năm
"Nhân Viên Dọn Máy, Dựng Máy Android - Hệ Thống Box Phone Farm (Đi Làm Ngay) Được Đào Tạo Nếu Không Biết Việc",https://www.topcv.vn/viec-lam/nhan-vien-don-may-dung-may-android-he-thong-box-phone-farm-di-lam-ngay-duoc-dao-tao-neu-khong-biet-viec/1892527.html?ta_source=JobSearchList_LinkDetail&u_sr_id=OWFjZsRKAQncDoCDoIzhrTc8RmfYX35KjRhmF04p_1759550010,CÔNG TY TNHH GIẢI PHÁP VÀ CÔNG NGHỆ BESTMOON,7 - 9 triệu,Hồ Chí Minh,Không yêu cầu
Workflow Automation Specialist (Focus On HR) Lương 15-20 Triệu,https://www.topcv.vn/viec-lam/workflow-automation-specialist-focus-on-hr-luong-15-20-trieu/1894622.html?ta_source=JobSearchList_LinkDetail&u_sr_id=OWFjZsRKAQncDoCDoIzhrTc8RmfYX35KjRhmF04p_1759550010,CÔNG TY CỔ PHẦN MẮT BÃO,15 - 20 triệu,Hồ Chí Minh,2 năm
Chuyên Viên Phân Tích Nghiệp Vụ (BA/PO)- Domain Bank,https://www.topcv.vn/viec-lam/chuyen-vien-phan-tich-nghiep-vu-ba-po-domain-bank/1886869.html?ta_source=JobSearchList_LinkDetail&u_sr_id=OWFjZsRKAQncDoCDoIzhrTc8RmfYX35KjRhmF04p_1759550010,Công Ty Cổ Phần GoGroup,15 - 30 triệu,Hà Nội,3 năm
Golang Developer (Blockchain/Web3),https://www.topcv.vn/viec-lam/golang-developer-blockchain-web3/1890675.html?ta_source=JobSearchList_LinkDetail&u_sr_id=OWFjZsRKAQncDoCDoIzhrTc8RmfYX35KjRhmF04p_1759550010,CÔNG TY TNHH NEXSOFT TECHNOLOGY,Thoả thuận,Hồ Chí Minh,5 năm
DevOps Engineer,https://www.topcv.vn/viec-lam/devops-engineer/1884711.html?ta_source=JobSearchList_LinkDetail&u_sr_id=OWFjZsRKAQncDoCDoIzhrTc8RmfYX35KjRhmF04p_1759550010,CÔNG TY CỔ PHẦN JARVIS GLOBAL,25 - 45 triệu,Hà Nội,2 năm
IT Support (Hosting),https://www.topcv.vn/viec-lam/it-support-hosting/1893654.html?ta_source=JobSearchList_LinkDetail&u_sr_id=OWFjZsRKAQncDoCDoIzhrTc8RmfYX35KjRhmF04p_1759550010,ProViettel IDC,Thoả thuận,Hà Nội,1 năm
Trưởng Phòng Phân Tích Dữ Liệu - Collection Data Analyst,https://www.topcv.vn/viec-lam/truong-phong-phan-tich-du-lieu-collection-data-analyst/1631299.html?ta_source=JobSearchList_LinkDetail&u_sr_id=OWFjZsRKAQncDoCDoIzhrTc8RmfYX35KjRhmF04p_1759550010,GALAXY DEBT TRADING COMPANY LIMITED,Thoả thuận,Hồ Chí Minh,2 năm
Chuyên Viên Vận Hành Hệ Thống SAP (PP-QM),https://www.topcv.vn/viec-lam/chuyen-vien-van-hanh-he-thong-sap-pp-qm/1888758.html?ta_source=JobSearchList_LinkDetail&u_sr_id=OWFjZsRKAQncDoCDoIzhrTc8RmfYX35KjRhmF04p_1759550010,Công ty Cổ phần Xuất nhập khẩu Bến Tre,Thoả thuận,Hồ Chí Minh,3 năm
Senior Full Stack JS Engineer,https://www.topcv.vn/viec-lam/senior-full-stack-js-engineer/1885249.html?ta_source=JobSearchList_LinkDetail&u_sr_id=OWFjZsRKAQncDoCDoIzhrTc8RmfYX35KjRhmF04p_1759550010,Công ty Cổ phần GEM,"900 - 2,100 USD","Hà Nội, Hồ Chí Minh",3 năm
Senior .NET Developer,https://www.topcv.vn/viec-lam/senior-net-developer/1890277.html?ta_source=JobSearchList_LinkDetail&u_sr_id=OWFjZsRKAQncDoCDoIzhrTc8RmfYX35KjRhmF04p_1759550010,Công ty Cổ phần VNEXT SOFTWARE,Tới 35 triệu,Hà Nội,5 năm
Junior Salesforce Developer,https://www.topcv.vn/viec-lam/junior-salesforce-developer/1745091.html?ta_source=JobSearchList_LinkDetail&u_sr_id=OWFjZsRKAQncDoCDoIzhrTc8RmfYX35KjRhmF04p_1759550010,Công Ty TNHH Avepoint Việt Nam,Thoả thuận,"Hà Nội, Đà Nẵng",Dưới 1 năm
"Thiết Kế Đồ Họa 2D - Khu Vực Phạm Hùng, Quận 8",https://www.topcv.vn/viec-lam/thiet-ke-do-hoa-2d-khu-vuc-pham-hung-quan-8/1893109.html?ta_source=JobSearchList_LinkDetail&u_sr_id=OWFjZsRKAQncDoCDoIzhrTc8RmfYX35KjRhmF04p_1759550010,CÔNG TY TNHH THƯƠNG MẠI DỊCH VỤ KHA LINH,9 - 15 triệu,Hồ Chí Minh,1 năm
Lập Trình Viên Nodejs Kn 2 Năm,https://www.topcv.vn/viec-lam/lap-trinh-vien-nodejs-kn-2-nam/1857055.html?ta_source=JobSearchList_LinkDetail&u_sr_id=OWFjZsRKAQncDoCDoIzhrTc8RmfYX35KjRhmF04p_1759550010,Công ty cổ phần giải pháp MKT,10 - 20 triệu,Hà Nội,2 năm
Data /MLops Engineer - Salary Upto 30M,https://www.topcv.vn/viec-lam/data-mlops-engineer-salary-upto-30m/1501256.html?ta_source=JobSearchList_LinkDetail&u_sr_id=OWFjZsRKAQncDoCDoIzhrTc8RmfYX35KjRhmF04p_1759550010,CÔNG TY CỔ PHẦN CÔNG NGHỆ UPP TOÀN CẦU,Tới 30 triệu,Hà Nội,2 năm
Nhân Viên Thiết Kế (UI/UX Designer),https://www.topcv.vn/viec-lam/nhan-vien-thiet-ke-ui-ux-designer/1674592.html?ta_source=JobSearchList_LinkDetail&u_sr_id=OWFjZsRKAQncDoCDoIzhrTc8RmfYX35KjRhmF04p_1759550010,CÔNG TY TNHH ZAM MART (VIỆT NAM),12 - 15 triệu,Hồ Chí Minh,2 năm
Graphic & 3D Designer (Quận 7),https://www.topcv.vn/viec-lam/graphic-3d-designer-quan-7/1882974.html?ta_source=JobSearchList_LinkDetail&u_sr_id=OWFjZsRKAQncDoCDoIzhrTc8RmfYX35KjRhmF04p_1759550010,CÔNG TY TNHH THƯƠNG MẠI THỂ THAO HỒNG ÂN,Thoả thuận,Hồ Chí Minh,2 năm
Flutter Developer (Web3 ),https://www.topcv.vn/viec-lam/flutter-developer-web3/1890622.html?ta_source=JobSearchList_LinkDetail&u_sr_id=OWFjZsRKAQncDoCDoIzhrTc8RmfYX35KjRhmF04p_1759550010,CÔNG TY TNHH NEXSOFT TECHNOLOGY,Thoả thuận,Hồ Chí Minh,2 năm
Devops Engineer (Mảng Fintech) Lương Up To 45 Triệu,https://www.topcv.vn/viec-lam/devops-engineer-mang-fintech-luong-up-to-45-trieu/1855543.html?ta_source=JobSearchList_LinkDetail&u_sr_id=OWFjZsRKAQncDoCDoIzhrTc8RmfYX35KjRhmF04p_1759550010,Công ty Cổ phần Funtap,30 - 45 triệu,Hà Nội,4 năm
Kỹ Sư Kiểm Thử Phần Mềm ( QA/ Tester),https://www.topcv.vn/viec-lam/ky-su-kiem-thu-phan-mem-qa-tester/1886559.html?ta_source=JobSearchList_LinkDetail&u_sr_id=OWFjZsRKAQncDoCDoIzhrTc8RmfYX35KjRhmF04p_1759550010,CÔNG TY TNHH MỘT THÀNH VIÊN AN NINH MẠNG VIETTEL,Thoả thuận,Hà Nội,3 năm
Senior IOS Developer,https://www.topcv.vn/viec-lam/senior-ios-developer/1893297.html?ta_source=JobSearchList_LinkDetail&u_sr_id=OWFjZsRKAQncDoCDoIzhrTc8RmfYX35KjRhmF04p_1759550010,Apero Technologies Group,35 - 55 triệu,Hồ Chí Minh,4 năm
Technical Support Engineer,https://www.topcv.vn/viec-lam/technical-support-engineer/1866458.html?ta_source=JobSearchList_LinkDetail&u_sr_id=OWFjZsRKAQncDoCDoIzhrTc8RmfYX35KjRhmF04p_1759550010,Công Ty TNHH Avepoint Việt Nam,Thoả thuận,"Đà Nẵng, Hà Nội",1 năm
"[Middle, Senior] Mobile Developer  - (Flutter, React Native) - Khối Công Nghệ Thông Tin (HO25.397)",https://www.topcv.vn/brand/nganhangthuongmaicophanquandoi/tuyen-dung/middle-senior-mobile-developer-flutter-react-native-khoi-cong-nghe-thong-tin-ho25-397-j1887182.html?ta_source=JobSearchList_LinkDetail&u_sr_id=OWFjZsRKAQncDoCDoIzhrTc8RmfYX35KjRhmF04p_1759550010,ProNGÂN HÀNG TMCP QUÂN ĐỘI – MBBANK,Thoả thuận,Hà Nội,2 năm
IT Helpdesk (Tiếng Anh Giao Tiếp),https://www.topcv.vn/viec-lam/it-helpdesk-tieng-anh-giao-tiep/1860919.html?ta_source=JobSearchList_LinkDetail&u_sr_id=OWFjZsRKAQncDoCDoIzhrTc8RmfYX35KjRhmF04p_1759550010,Công ty TNHH Tổng công ty Công nghệ & Giải pháp CMC,Tới 12 triệu,Hà Nội,1 năm
AI & Automation Specialist (AI Engineer),https://www.topcv.vn/viec-lam/ai-automation-specialist-ai-engineer/1885169.html?ta_source=JobSearchList_LinkDetail&u_sr_id=OWFjZsRKAQncDoCDoIzhrTc8RmfYX35KjRhmF04p_1759550010,Công ty Cổ phần SEONGON Thịnh Vượng,15 - 20 triệu,Hà Nội,3 năm
"Tester Tiếng Nhật (N2, Không Yêu Cầu Kinh Nghiệm)",https://www.topcv.vn/viec-lam/tester-tieng-nhat-n2-khong-yeu-cau-kinh-nghiem/1070465.html?ta_source=JobSearchList_LinkDetail&u_sr_id=OWFjZsRKAQncDoCDoIzhrTc8RmfYX35KjRhmF04p_1759550010,CÔNG TY CỔ PHẦN OMINEXT,Thoả thuận,Hà Nội,Không yêu cầu
Business Analyst (Finance/ Banking),https://www.topcv.vn/viec-lam/business-analyst-finance-banking/1885233.html?ta_source=JobSearchList_LinkDetail&u_sr_id=OWFjZsRKAQncDoCDoIzhrTc8RmfYX35KjRhmF04p_1759550010,ProFPT IS,Thoả thuận,Hà Nội,2 năm
"Backend Developer - Cloud Product (Golang, Java)",https://www.topcv.vn/viec-lam/backend-developer-cloud-product-golang-java/1351473.html?ta_source=JobSearchList_LinkDetail&u_sr_id=OWFjZsRKAQncDoCDoIzhrTc8RmfYX35KjRhmF04p_1759550010,ProCông ty cổ phần Hạ tầng Viễn thông CMC Telecom,25 - 40 triệu,Hà Nội,3 năm
Chuyên Viên Phân Tích Nhiệp Vụ (BA) - Domain Bank,https://www.topcv.vn/viec-lam/chuyen-vien-phan-tich-nhiep-vu-ba-domain-bank/1864953.html?ta_source=JobSearchList_LinkDetail&u_sr_id=OWFjZsRKAQncDoCDoIzhrTc8RmfYX35KjRhmF04p_1759550010,Công Ty Cổ Phần GoGroup,12 - 30 triệu,Hà Nội,3 năm
Chuyên Viên Kiểm Soát Chất Lượng (Tester) Tại Hà Nội,https://www.topcv.vn/viec-lam/chuyen-vien-kiem-soat-chat-luong-tester-tai-ha-noi/1894531.html?ta_source=JobSearchList_LinkDetail&u_sr_id=OWFjZsRKAQncDoCDoIzhrTc8RmfYX35KjRhmF04p_1759550010,Công ty Cổ phần Công nghệ Pavana,Thoả thuận,Hà Nội,2 năm
.NET Developer (Build Product),https://www.topcv.vn/viec-lam/net-developer-build-product/1868362.html?ta_source=JobSearchList_LinkDetail&u_sr_id=OWFjZsRKAQncDoCDoIzhrTc8RmfYX35KjRhmF04p_1759550010,Công ty Cổ phần Công nghệ KiotViet,25 - 40 triệu,Hà Nội,3 năm
Data Scientist,https://www.topcv.vn/viec-lam/data-scientist/1890311.html?ta_source=JobSearchList_LinkDetail&u_sr_id=OWFjZsRKAQncDoCDoIzhrTc8RmfYX35KjRhmF04p_1759550010,ProCông ty CP Giải pháp Thanh toán Việt Nam (VNPAY),Thoả thuận,Hà Nội,1 năm
Thực Tập Sinh Công Nghệ Thông Tin,https://www.topcv.vn/viec-lam/thuc-tap-sinh-cong-nghe-thong-tin/1737030.html?ta_source=JobSearchList_LinkDetail&u_sr_id=OWFjZsRKAQncDoCDoIzhrTc8RmfYX35KjRhmF04p_1759550010,CÔNG TY TNHH TM & DV NINA,Thoả thuận,Hồ Chí Minh,Không yêu cầu
Lập Trình Viên Java Fullstack Đi Làm Ngay - Upto 32M,https://www.topcv.vn/viec-lam/lap-trinh-vien-java-fullstack-di-lam-ngay-upto-32m/1272480.html?ta_source=JobSearchList_LinkDetail&u_sr_id=OWFjZsRKAQncDoCDoIzhrTc8RmfYX35KjRhmF04p_1759550010,Công ty cổ phần phần mềm REVOTECH,Tới 32 triệu,Hà Nội,3 năm
Lập Trình Viên Backend .Net Senior,https://www.topcv.vn/viec-lam/lap-trinh-vien-backend-net-senior/1891935.html?ta_source=JobSearchList_LinkDetail&u_sr_id=OWFjZsRKAQncDoCDoIzhrTc8RmfYX35KjRhmF04p_1759550010,Công ty VTC Online,25 - 40 triệu,Hà Nội,5 năm
